[     430ms] [INFO] %cDownload the React DevTools for a better development experience: https://react.dev/link/react-devtools font-weight:bold @ webpack-internal:///(app-pages-browser)/./node_modules/next/dist/compiled/react-dom/cjs/react-dom-client.development.js:25630
[     542ms] [ERROR] WebSocket connection to 'wss://example.supabase.co/realtime/v1/websocket?apikey=public-anon-key&vsn=2.0.0' failed: Error in connection establishment: net::ERR_NAME_NOT_RESOLVED @ webpack-internal:///(app-pages-browser)/./node_modules/@supabase/phoenix/priv/static/phoenix.mjs:1441
[    1640ms] [ERROR] WebSocket connection to 'wss://example.supabase.co/realtime/v1/websocket?apikey=public-anon-key&vsn=2.0.0' failed: Error in connection establishment: net::ERR_NAME_NOT_RESOLVED @ webpack-internal:///(app-pages-browser)/./node_modules/@supabase/phoenix/priv/static/phoenix.mjs:1441
[    3665ms] [ERROR] WebSocket connection to 'wss://example.supabase.co/realtime/v1/websocket?apikey=public-anon-key&vsn=2.0.0' failed: Error in connection establishment: net::ERR_NAME_NOT_RESOLVED @ webpack-internal:///(app-pages-browser)/./node_modules/@supabase/phoenix/priv/static/phoenix.mjs:1441
[    9138ms] [ERROR] WebSocket connection to 'wss://example.supabase.co/realtime/v1/websocket?apikey=public-anon-key&vsn=2.0.0' failed: Error in connection establishment: net::ERR_NAME_NOT_RESOLVED @ webpack-internal:///(app-pages-browser)/./node_modules/@supabase/phoenix/priv/static/phoenix.mjs:1441
[   19304ms] [ERROR] WebSocket connection to 'wss://example.supabase.co/realtime/v1/websocket?apikey=public-anon-key&vsn=2.0.0' failed: Error in connection establishment: net::ERR_NAME_NOT_RESOLVED @ webpack-internal:///(app-pages-browser)/./node_modules/@supabase/phoenix/priv/static/phoenix.mjs:1441
[   29390ms] [ERROR] WebSocket connection to 'wss://example.supabase.co/realtime/v1/websocket?apikey=public-anon-key&vsn=2.0.0' failed: Error in connection establishment: net::ERR_NAME_NOT_RESOLVED @ webpack-internal:///(app-pages-browser)/./node_modules/@supabase/phoenix/priv/static/phoenix.mjs:1441
[   39491ms] [ERROR] WebSocket connection to 'wss://example.supabase.co/realtime/v1/websocket?apikey=public-anon-key&vsn=2.0.0' failed: Error in connection establishment: net::ERR_NAME_NOT_RESOLVED @ webpack-internal:///(app-pages-browser)/./node_modules/@supabase/phoenix/priv/static/phoenix.mjs:1441
[   49669ms] [ERROR] WebSocket connection to 'wss://example.supabase.co/realtime/v1/websocket?apikey=public-anon-key&vsn=2.0.0' failed: Error in connection establishment: net::ERR_NAME_NOT_RESOLVED @ webpack-internal:///(app-pages-browser)/./node_modules/@supabase/phoenix/priv/static/phoenix.mjs:1441
[   59710ms] [ERROR] WebSocket connection to 'wss://example.supabase.co/realtime/v1/websocket?apikey=public-anon-key&vsn=2.0.0' failed: Error in connection establishment: net::ERR_NAME_NOT_RESOLVED @ webpack-internal:///(app-pages-browser)/./node_modules/@supabase/phoenix/priv/static/phoenix.mjs:1441
[   69813ms] [ERROR] WebSocket connection to 'wss://example.supabase.co/realtime/v1/websocket?apikey=public-anon-key&vsn=2.0.0' failed: Error in connection establishment: net::ERR_NAME_NOT_RESOLVED @ webpack-internal:///(app-pages-browser)/./node_modules/@supabase/phoenix/priv/static/phoenix.mjs:1441
[   80147ms] [ERROR] WebSocket connection to 'wss://example.supabase.co/realtime/v1/websocket?apikey=public-anon-key&vsn=2.0.0' failed: Error in connection establishment: net::ERR_NAME_NOT_RESOLVED @ webpack-internal:///(app-pages-browser)/./node_modules/@supabase/phoenix/priv/static/phoenix.mjs:1441
[   90182ms] [ERROR] WebSocket connection to 'wss://example.supabase.co/realtime/v1/websocket?apikey=public-anon-key&vsn=2.0.0' failed: Error in connection establishment: net::ERR_NAME_NOT_RESOLVED @ webpack-internal:///(app-pages-browser)/./node_modules/@supabase/phoenix/priv/static/phoenix.mjs:1441
[  100295ms] [ERROR] WebSocket connection to 'wss://example.supabase.co/realtime/v1/websocket?apikey=public-anon-key&vsn=2.0.0' failed: Error in connection establishment: net::ERR_NAME_NOT_RESOLVED @ webpack-internal:///(app-pages-browser)/./node_modules/@supabase/phoenix/priv/static/phoenix.mjs:1441
[  110492ms] [ERROR] WebSocket connection to 'wss://example.supabase.co/realtime/v1/websocket?apikey=public-anon-key&vsn=2.0.0' failed: Error in connection establishment: net::ERR_NAME_NOT_RESOLVED @ webpack-internal:///(app-pages-browser)/./node_modules/@supabase/phoenix/priv/static/phoenix.mjs:1441
[  120549ms] [ERROR] WebSocket connection to 'wss://example.supabase.co/realtime/v1/websocket?apikey=public-anon-key&vsn=2.0.0' failed: Error in connection establishment: net::ERR_NAME_NOT_RESOLVED @ webpack-internal:///(app-pages-browser)/./node_modules/@supabase/phoenix/priv/static/phoenix.mjs:1441
[  126709ms] [LOG] [Fast Refresh] rebuilding @ webpack-internal:///(app-pages-browser)/./node_modules/next/dist/client/dev/hot-reloader/app/hot-reloader-app.js:196
[  126970ms] [LOG] [Fast Refresh] done in 262ms @ webpack-internal:///(app-pages-browser)/./node_modules/next/dist/client/dev/report-hmr-latency.js:13
[  127381ms] [ERROR] Failed to load resource: the server responded with a status of 500 (Internal Server Error) @ http://localhost:3333/api/photos/demo-2/like:0
[  130923ms] [ERROR] WebSocket connection to 'wss://example.supabase.co/realtime/v1/websocket?apikey=public-anon-key&vsn=2.0.0' failed: Error in connection establishment: net::ERR_NAME_NOT_RESOLVED @ webpack-internal:///(app-pages-browser)/./node_modules/@supabase/phoenix/priv/static/phoenix.mjs:1441
[  141132ms] [ERROR] WebSocket connection to 'wss://example.supabase.co/realtime/v1/websocket?apikey=public-anon-key&vsn=2.0.0' failed: Error in connection establishment: net::ERR_NAME_NOT_RESOLVED @ webpack-internal:///(app-pages-browser)/./node_modules/@supabase/phoenix/priv/static/phoenix.mjs:1441
[  146544ms] [ERROR] Failed to load resource: the server responded with a status of 500 (Internal Server Error) @ http://localhost:3333/api/photos/demo-1/like:0
[  151202ms] [ERROR] WebSocket connection to 'wss://example.supabase.co/realtime/v1/websocket?apikey=public-anon-key&vsn=2.0.0' failed: Error in connection establishment: net::ERR_NAME_NOT_RESOLVED @ webpack-internal:///(app-pages-browser)/./node_modules/@supabase/phoenix/priv/static/phoenix.mjs:1441
[  161819ms] [ERROR] WebSocket connection to 'wss://example.supabase.co/realtime/v1/websocket?apikey=public-anon-key&vsn=2.0.0' failed: Error in connection establishment: net::ERR_NAME_NOT_RESOLVED @ webpack-internal:///(app-pages-browser)/./node_modules/@supabase/phoenix/priv/static/phoenix.mjs:1441
[  171999ms] [ERROR] WebSocket connection to 'wss://example.supabase.co/realtime/v1/websocket?apikey=public-anon-key&vsn=2.0.0' failed: Error in connection establishment: net::ERR_NAME_NOT_RESOLVED @ webpack-internal:///(app-pages-browser)/./node_modules/@supabase/phoenix/priv/static/phoenix.mjs:1441
[  182077ms] [ERROR] WebSocket connection to 'wss://example.supabase.co/realtime/v1/websocket?apikey=public-anon-key&vsn=2.0.0' failed: Error in connection establishment: net::ERR_NAME_NOT_RESOLVED @ webpack-internal:///(app-pages-browser)/./node_modules/@supabase/phoenix/priv/static/phoenix.mjs:1441
[  192112ms] [ERROR] WebSocket connection to 'wss://example.supabase.co/realtime/v1/websocket?apikey=public-anon-key&vsn=2.0.0' failed: Error in connection establishment: net::ERR_NAME_NOT_RESOLVED @ webpack-internal:///(app-pages-browser)/./node_modules/@supabase/phoenix/priv/static/phoenix.mjs:1441
[  202289ms] [ERROR] WebSocket connection to 'wss://example.supabase.co/realtime/v1/websocket?apikey=public-anon-key&vsn=2.0.0' failed: Error in connection establishment: net::ERR_NAME_NOT_RESOLVED @ webpack-internal:///(app-pages-browser)/./node_modules/@supabase/phoenix/priv/static/phoenix.mjs:1441
[  212316ms] [ERROR] WebSocket connection to 'wss://example.supabase.co/realtime/v1/websocket?apikey=public-anon-key&vsn=2.0.0' failed: Error in connection establishment: net::ERR_NAME_NOT_RESOLVED @ webpack-internal:///(app-pages-browser)/./node_modules/@supabase/phoenix/priv/static/phoenix.mjs:1441
[  222354ms] [ERROR] WebSocket connection to 'wss://example.supabase.co/realtime/v1/websocket?apikey=public-anon-key&vsn=2.0.0' failed: Error in connection establishment: net::ERR_NAME_NOT_RESOLVED @ webpack-internal:///(app-pages-browser)/./node_modules/@supabase/phoenix/priv/static/phoenix.mjs:1441
[  232630ms] [ERROR] WebSocket connection to 'wss://example.supabase.co/realtime/v1/websocket?apikey=public-anon-key&vsn=2.0.0' failed: Error in connection establishment: net::ERR_NAME_NOT_RESOLVED @ webpack-internal:///(app-pages-browser)/./node_modules/@supabase/phoenix/priv/static/phoenix.mjs:1441
[  242938ms] [ERROR] WebSocket connection to 'wss://example.supabase.co/realtime/v1/websocket?apikey=public-anon-key&vsn=2.0.0' failed: Error in connection establishment: net::ERR_NAME_NOT_RESOLVED @ webpack-internal:///(app-pages-browser)/./node_modules/@supabase/phoenix/priv/static/phoenix.mjs:1441
[  253026ms] [ERROR] WebSocket connection to 'wss://example.supabase.co/realtime/v1/websocket?apikey=public-anon-key&vsn=2.0.0' failed: Error in connection establishment: net::ERR_NAME_NOT_RESOLVED @ webpack-internal:///(app-pages-browser)/./node_modules/@supabase/phoenix/priv/static/phoenix.mjs:1441
[  263263ms] [ERROR] WebSocket connection to 'wss://example.supabase.co/realtime/v1/websocket?apikey=public-anon-key&vsn=2.0.0' failed: Error in connection establishment: net::ERR_NAME_NOT_RESOLVED @ webpack-internal:///(app-pages-browser)/./node_modules/@supabase/phoenix/priv/static/phoenix.mjs:1441
[  273367ms] [ERROR] WebSocket connection to 'wss://example.supabase.co/realtime/v1/websocket?apikey=public-anon-key&vsn=2.0.0' failed: Error in connection establishment: net::ERR_NAME_NOT_RESOLVED @ webpack-internal:///(app-pages-browser)/./node_modules/@supabase/phoenix/priv/static/phoenix.mjs:1441
[  283406ms] [ERROR] WebSocket connection to 'wss://example.supabase.co/realtime/v1/websocket?apikey=public-anon-key&vsn=2.0.0' failed: Error in connection establishment: net::ERR_NAME_NOT_RESOLVED @ webpack-internal:///(app-pages-browser)/./node_modules/@supabase/phoenix/priv/static/phoenix.mjs:1441
[  293576ms] [ERROR] WebSocket connection to 'wss://example.supabase.co/realtime/v1/websocket?apikey=public-anon-key&vsn=2.0.0' failed: Error in connection establishment: net::ERR_NAME_NOT_RESOLVED @ webpack-internal:///(app-pages-browser)/./node_modules/@supabase/phoenix/priv/static/phoenix.mjs:1441
[  303673ms] [ERROR] WebSocket connection to 'wss://example.supabase.co/realtime/v1/websocket?apikey=public-anon-key&vsn=2.0.0' failed: Error in connection establishment: net::ERR_NAME_NOT_RESOLVED @ webpack-internal:///(app-pages-browser)/./node_modules/@supabase/phoenix/priv/static/phoenix.mjs:1441
[  314471ms] [ERROR] WebSocket connection to 'wss://example.supabase.co/realtime/v1/websocket?apikey=public-anon-key&vsn=2.0.0' failed: Error in connection establishment: net::ERR_NAME_NOT_RESOLVED @ webpack-internal:///(app-pages-browser)/./node_modules/@supabase/phoenix/priv/static/phoenix.mjs:1441
[  324583ms] [ERROR] WebSocket connection to 'wss://example.supabase.co/realtime/v1/websocket?apikey=public-anon-key&vsn=2.0.0' failed: Error in connection establishment: net::ERR_NAME_NOT_RESOLVED @ webpack-internal:///(app-pages-browser)/./node_modules/@supabase/phoenix/priv/static/phoenix.mjs:1441
[  334753ms] [ERROR] WebSocket connection to 'wss://example.supabase.co/realtime/v1/websocket?apikey=public-anon-key&vsn=2.0.0' failed: Error in connection establishment: net::ERR_NAME_NOT_RESOLVED @ webpack-internal:///(app-pages-browser)/./node_modules/@supabase/phoenix/priv/static/phoenix.mjs:1441
[  344808ms] [ERROR] WebSocket connection to 'wss://example.supabase.co/realtime/v1/websocket?apikey=public-anon-key&vsn=2.0.0' failed: Error in connection establishment: net::ERR_NAME_NOT_RESOLVED @ webpack-internal:///(app-pages-browser)/./node_modules/@supabase/phoenix/priv/static/phoenix.mjs:1441
[  354931ms] [ERROR] WebSocket connection to 'wss://example.supabase.co/realtime/v1/websocket?apikey=public-anon-key&vsn=2.0.0' failed: Error in connection establishment: net::ERR_NAME_NOT_RESOLVED @ webpack-internal:///(app-pages-browser)/./node_modules/@supabase/phoenix/priv/static/phoenix.mjs:1441
[  365059ms] [ERROR] WebSocket connection to 'wss://example.supabase.co/realtime/v1/websocket?apikey=public-anon-key&vsn=2.0.0' failed: Error in connection establishment: net::ERR_NAME_NOT_RESOLVED @ webpack-internal:///(app-pages-browser)/./node_modules/@supabase/phoenix/priv/static/phoenix.mjs:1441
[  375188ms] [ERROR] WebSocket connection to 'wss://example.supabase.co/realtime/v1/websocket?apikey=public-anon-key&vsn=2.0.0' failed: Error in connection establishment: net::ERR_NAME_NOT_RESOLVED @ webpack-internal:///(app-pages-browser)/./node_modules/@supabase/phoenix/priv/static/phoenix.mjs:1441
[  385618ms] [ERROR] WebSocket connection to 'wss://example.supabase.co/realtime/v1/websocket?apikey=public-anon-key&vsn=2.0.0' failed: Error in connection establishment: net::ERR_NAME_NOT_RESOLVED @ webpack-internal:///(app-pages-browser)/./node_modules/@supabase/phoenix/priv/static/phoenix.mjs:1441
[  396044ms] [ERROR] WebSocket connection to 'wss://example.supabase.co/realtime/v1/websocket?apikey=public-anon-key&vsn=2.0.0' failed: Error in connection establishment: net::ERR_NAME_NOT_RESOLVED @ webpack-internal:///(app-pages-browser)/./node_modules/@supabase/phoenix/priv/static/phoenix.mjs:1441
[  406587ms] [ERROR] WebSocket connection to 'wss://example.supabase.co/realtime/v1/websocket?apikey=public-anon-key&vsn=2.0.0' failed: Error in connection establishment: net::ERR_NAME_NOT_RESOLVED @ webpack-internal:///(app-pages-browser)/./node_modules/@supabase/phoenix/priv/static/phoenix.mjs:1441
[  416850ms] [ERROR] WebSocket connection to 'wss://example.supabase.co/realtime/v1/websocket?apikey=public-anon-key&vsn=2.0.0' failed: Error in connection establishment: net::ERR_NAME_NOT_RESOLVED @ webpack-internal:///(app-pages-browser)/./node_modules/@supabase/phoenix/priv/static/phoenix.mjs:1441
[  426887ms] [ERROR] WebSocket connection to 'wss://example.supabase.co/realtime/v1/websocket?apikey=public-anon-key&vsn=2.0.0' failed: Error in connection establishment: net::ERR_NAME_NOT_RESOLVED @ webpack-internal:///(app-pages-browser)/./node_modules/@supabase/phoenix/priv/static/phoenix.mjs:1441
[  436997ms] [ERROR] WebSocket connection to 'wss://example.supabase.co/realtime/v1/websocket?apikey=public-anon-key&vsn=2.0.0' failed: Error in connection establishment: net::ERR_NAME_NOT_RESOLVED @ webpack-internal:///(app-pages-browser)/./node_modules/@supabase/phoenix/priv/static/phoenix.mjs:1441
[  447109ms] [ERROR] WebSocket connection to 'wss://example.supabase.co/realtime/v1/websocket?apikey=public-anon-key&vsn=2.0.0' failed: Error in connection establishment: net::ERR_NAME_NOT_RESOLVED @ webpack-internal:///(app-pages-browser)/./node_modules/@supabase/phoenix/priv/static/phoenix.mjs:1441
[  457204ms] [ERROR] WebSocket connection to 'wss://example.supabase.co/realtime/v1/websocket?apikey=public-anon-key&vsn=2.0.0' failed: Error in connection establishment: net::ERR_NAME_NOT_RESOLVED @ webpack-internal:///(app-pages-browser)/./node_modules/@supabase/phoenix/priv/static/phoenix.mjs:1441
[  467563ms] [ERROR] WebSocket connection to 'wss://example.supabase.co/realtime/v1/websocket?apikey=public-anon-key&vsn=2.0.0' failed: Error in connection establishment: net::ERR_NAME_NOT_RESOLVED @ webpack-internal:///(app-pages-browser)/./node_modules/@supabase/phoenix/priv/static/phoenix.mjs:1441
[  477699ms] [ERROR] WebSocket connection to 'wss://example.supabase.co/realtime/v1/websocket?apikey=public-anon-key&vsn=2.0.0' failed: Error in connection establishment: net::ERR_NAME_NOT_RESOLVED @ webpack-internal:///(app-pages-browser)/./node_modules/@supabase/phoenix/priv/static/phoenix.mjs:1441
[  487764ms] [ERROR] WebSocket connection to 'wss://example.supabase.co/realtime/v1/websocket?apikey=public-anon-key&vsn=2.0.0' failed: Error in connection establishment: net::ERR_NAME_NOT_RESOLVED @ webpack-internal:///(app-pages-browser)/./node_modules/@supabase/phoenix/priv/static/phoenix.mjs:1441
[  497898ms] [ERROR] WebSocket connection to 'wss://example.supabase.co/realtime/v1/websocket?apikey=public-anon-key&vsn=2.0.0' failed: Error in connection establishment: net::ERR_NAME_NOT_RESOLVED @ webpack-internal:///(app-pages-browser)/./node_modules/@supabase/phoenix/priv/static/phoenix.mjs:1441
[  508439ms] [ERROR] WebSocket connection to 'wss://example.supabase.co/realtime/v1/websocket?apikey=public-anon-key&vsn=2.0.0' failed: Error in connection establishment: net::ERR_NAME_NOT_RESOLVED @ webpack-internal:///(app-pages-browser)/./node_modules/@supabase/phoenix/priv/static/phoenix.mjs:1441
[  518752ms] [ERROR] WebSocket connection to 'wss://example.supabase.co/realtime/v1/websocket?apikey=public-anon-key&vsn=2.0.0' failed: Error in connection establishment: net::ERR_NAME_NOT_RESOLVED @ webpack-internal:///(app-pages-browser)/./node_modules/@supabase/phoenix/priv/static/phoenix.mjs:1441
[  528852ms] [ERROR] WebSocket connection to 'wss://example.supabase.co/realtime/v1/websocket?apikey=public-anon-key&vsn=2.0.0' failed: Error in connection establishment: net::ERR_NAME_NOT_RESOLVED @ webpack-internal:///(app-pages-browser)/./node_modules/@supabase/phoenix/priv/static/phoenix.mjs:1441
[  539014ms] [ERROR] WebSocket connection to 'wss://example.supabase.co/realtime/v1/websocket?apikey=public-anon-key&vsn=2.0.0' failed: Error in connection establishment: net::ERR_NAME_NOT_RESOLVED @ webpack-internal:///(app-pages-browser)/./node_modules/@supabase/phoenix/priv/static/phoenix.mjs:1441
[  549502ms] [ERROR] WebSocket connection to 'wss://example.supabase.co/realtime/v1/websocket?apikey=public-anon-key&vsn=2.0.0' failed: Error in connection establishment: net::ERR_NAME_NOT_RESOLVED @ webpack-internal:///(app-pages-browser)/./node_modules/@supabase/phoenix/priv/static/phoenix.mjs:1441
[  559610ms] [ERROR] WebSocket connection to 'wss://example.supabase.co/realtime/v1/websocket?apikey=public-anon-key&vsn=2.0.0' failed: Error in connection establishment: net::ERR_NAME_NOT_RESOLVED @ webpack-internal:///(app-pages-browser)/./node_modules/@supabase/phoenix/priv/static/phoenix.mjs:1441
[  569725ms] [ERROR] WebSocket connection to 'wss://example.supabase.co/realtime/v1/websocket?apikey=public-anon-key&vsn=2.0.0' failed: Error in connection establishment: net::ERR_NAME_NOT_RESOLVED @ webpack-internal:///(app-pages-browser)/./node_modules/@supabase/phoenix/priv/static/phoenix.mjs:1441
[  579763ms] [ERROR] WebSocket connection to 'wss://example.supabase.co/realtime/v1/websocket?apikey=public-anon-key&vsn=2.0.0' failed: Error in connection establishment: net::ERR_NAME_NOT_RESOLVED @ webpack-internal:///(app-pages-browser)/./node_modules/@supabase/phoenix/priv/static/phoenix.mjs:1441
[  589799ms] [ERROR] WebSocket connection to 'wss://example.supabase.co/realtime/v1/websocket?apikey=public-anon-key&vsn=2.0.0' failed: Error in connection establishment: net::ERR_NAME_NOT_RESOLVED @ webpack-internal:///(app-pages-browser)/./node_modules/@supabase/phoenix/priv/static/phoenix.mjs:1441
[  600013ms] [ERROR] WebSocket connection to 'wss://example.supabase.co/realtime/v1/websocket?apikey=public-anon-key&vsn=2.0.0' failed: Error in connection establishment: net::ERR_NAME_NOT_RESOLVED @ webpack-internal:///(app-pages-browser)/./node_modules/@supabase/phoenix/priv/static/phoenix.mjs:1441
[  610133ms] [ERROR] WebSocket connection to 'wss://example.supabase.co/realtime/v1/websocket?apikey=public-anon-key&vsn=2.0.0' failed: Error in connection establishment: net::ERR_NAME_NOT_RESOLVED @ webpack-internal:///(app-pages-browser)/./node_modules/@supabase/phoenix/priv/static/phoenix.mjs:1441
[  620230ms] [ERROR] WebSocket connection to 'wss://example.supabase.co/realtime/v1/websocket?apikey=public-anon-key&vsn=2.0.0' failed: Error in connection establishment: net::ERR_NAME_NOT_RESOLVED @ webpack-internal:///(app-pages-browser)/./node_modules/@supabase/phoenix/priv/static/phoenix.mjs:1441
[  630456ms] [ERROR] WebSocket connection to 'wss://example.supabase.co/realtime/v1/websocket?apikey=public-anon-key&vsn=2.0.0' failed: Error in connection establishment: net::ERR_NAME_NOT_RESOLVED @ webpack-internal:///(app-pages-browser)/./node_modules/@supabase/phoenix/priv/static/phoenix.mjs:1441
[  640800ms] [ERROR] WebSocket connection to 'wss://example.supabase.co/realtime/v1/websocket?apikey=public-anon-key&vsn=2.0.0' failed: Error in connection establishment: net::ERR_NAME_NOT_RESOLVED @ webpack-internal:///(app-pages-browser)/./node_modules/@supabase/phoenix/priv/static/phoenix.mjs:1441
[  650826ms] [ERROR] WebSocket connection to 'wss://example.supabase.co/realtime/v1/websocket?apikey=public-anon-key&vsn=2.0.0' failed: Error in connection establishment: net::ERR_NAME_NOT_RESOLVED @ webpack-internal:///(app-pages-browser)/./node_modules/@supabase/phoenix/priv/static/phoenix.mjs:1441
[  660870ms] [ERROR] WebSocket connection to 'wss://example.supabase.co/realtime/v1/websocket?apikey=public-anon-key&vsn=2.0.0' failed: Error in connection establishment: net::ERR_NAME_NOT_RESOLVED @ webpack-internal:///(app-pages-browser)/./node_modules/@supabase/phoenix/priv/static/phoenix.mjs:1441
[  670979ms] [ERROR] WebSocket connection to 'wss://example.supabase.co/realtime/v1/websocket?apikey=public-anon-key&vsn=2.0.0' failed: Error in connection establishment: net::ERR_NAME_NOT_RESOLVED @ webpack-internal:///(app-pages-browser)/./node_modules/@supabase/phoenix/priv/static/phoenix.mjs:1441
[  681005ms] [ERROR] WebSocket connection to 'wss://example.supabase.co/realtime/v1/websocket?apikey=public-anon-key&vsn=2.0.0' failed: Error in connection establishment: net::ERR_NAME_NOT_RESOLVED @ webpack-internal:///(app-pages-browser)/./node_modules/@supabase/phoenix/priv/static/phoenix.mjs:1441
[  691046ms] [ERROR] WebSocket connection to 'wss://example.supabase.co/realtime/v1/websocket?apikey=public-anon-key&vsn=2.0.0' failed: Error in connection establishment: net::ERR_NAME_NOT_RESOLVED @ webpack-internal:///(app-pages-browser)/./node_modules/@supabase/phoenix/priv/static/phoenix.mjs:1441
[  701152ms] [ERROR] WebSocket connection to 'wss://example.supabase.co/realtime/v1/websocket?apikey=public-anon-key&vsn=2.0.0' failed: Error in connection establishment: net::ERR_NAME_NOT_RESOLVED @ webpack-internal:///(app-pages-browser)/./node_modules/@supabase/phoenix/priv/static/phoenix.mjs:1441
[  711187ms] [ERROR] WebSocket connection to 'wss://example.supabase.co/realtime/v1/websocket?apikey=public-anon-key&vsn=2.0.0' failed: Error in connection establishment: net::ERR_NAME_NOT_RESOLVED @ webpack-internal:///(app-pages-browser)/./node_modules/@supabase/phoenix/priv/static/phoenix.mjs:1441
[  721319ms] [ERROR] WebSocket connection to 'wss://example.supabase.co/realtime/v1/websocket?apikey=public-anon-key&vsn=2.0.0' failed: Error in connection establishment: net::ERR_NAME_NOT_RESOLVED @ webpack-internal:///(app-pages-browser)/./node_modules/@supabase/phoenix/priv/static/phoenix.mjs:1441
[  732029ms] [ERROR] WebSocket connection to 'wss://example.supabase.co/realtime/v1/websocket?apikey=public-anon-key&vsn=2.0.0' failed: Error in connection establishment: net::ERR_NAME_NOT_RESOLVED @ webpack-internal:///(app-pages-browser)/./node_modules/@supabase/phoenix/priv/static/phoenix.mjs:1441
[  742094ms] [ERROR] WebSocket connection to 'wss://example.supabase.co/realtime/v1/websocket?apikey=public-anon-key&vsn=2.0.0' failed: Error in connection establishment: net::ERR_NAME_NOT_RESOLVED @ webpack-internal:///(app-pages-browser)/./node_modules/@supabase/phoenix/priv/static/phoenix.mjs:1441
[  752180ms] [ERROR] WebSocket connection to 'wss://example.supabase.co/realtime/v1/websocket?apikey=public-anon-key&vsn=2.0.0' failed: Error in connection establishment: net::ERR_NAME_NOT_RESOLVED @ webpack-internal:///(app-pages-browser)/./node_modules/@supabase/phoenix/priv/static/phoenix.mjs:1441
[  762394ms] [ERROR] WebSocket connection to 'wss://example.supabase.co/realtime/v1/websocket?apikey=public-anon-key&vsn=2.0.0' failed: Error in connection establishment: net::ERR_NAME_NOT_RESOLVED @ webpack-internal:///(app-pages-browser)/./node_modules/@supabase/phoenix/priv/static/phoenix.mjs:1441
[  772477ms] [ERROR] WebSocket connection to 'wss://example.supabase.co/realtime/v1/websocket?apikey=public-anon-key&vsn=2.0.0' failed: Error in connection establishment: net::ERR_NAME_NOT_RESOLVED @ webpack-internal:///(app-pages-browser)/./node_modules/@supabase/phoenix/priv/static/phoenix.mjs:1441
[  782587ms] [ERROR] WebSocket connection to 'wss://example.supabase.co/realtime/v1/websocket?apikey=public-anon-key&vsn=2.0.0' failed: Error in connection establishment: net::ERR_NAME_NOT_RESOLVED @ webpack-internal:///(app-pages-browser)/./node_modules/@supabase/phoenix/priv/static/phoenix.mjs:1441
[  792693ms] [ERROR] WebSocket connection to 'wss://example.supabase.co/realtime/v1/websocket?apikey=public-anon-key&vsn=2.0.0' failed: Error in connection establishment: net::ERR_NAME_NOT_RESOLVED @ webpack-internal:///(app-pages-browser)/./node_modules/@supabase/phoenix/priv/static/phoenix.mjs:1441
[  803402ms] [ERROR] WebSocket connection to 'wss://example.supabase.co/realtime/v1/websocket?apikey=public-anon-key&vsn=2.0.0' failed: Error in connection establishment: net::ERR_NAME_NOT_RESOLVED @ webpack-internal:///(app-pages-browser)/./node_modules/@supabase/phoenix/priv/static/phoenix.mjs:1441
[  813451ms] [ERROR] WebSocket connection to 'wss://example.supabase.co/realtime/v1/websocket?apikey=public-anon-key&vsn=2.0.0' failed: Error in connection establishment: net::ERR_NAME_NOT_RESOLVED @ webpack-internal:///(app-pages-browser)/./node_modules/@supabase/phoenix/priv/static/phoenix.mjs:1441
[  823561ms] [ERROR] WebSocket connection to 'wss://example.supabase.co/realtime/v1/websocket?apikey=public-anon-key&vsn=2.0.0' failed: Error in connection establishment: net::ERR_NAME_NOT_RESOLVED @ webpack-internal:///(app-pages-browser)/./node_modules/@supabase/phoenix/priv/static/phoenix.mjs:1441
[  833663ms] [ERROR] WebSocket connection to 'wss://example.supabase.co/realtime/v1/websocket?apikey=public-anon-key&vsn=2.0.0' failed: Error in connection establishment: net::ERR_NAME_NOT_RESOLVED @ webpack-internal:///(app-pages-browser)/./node_modules/@supabase/phoenix/priv/static/phoenix.mjs:1441
[  843850ms] [ERROR] WebSocket connection to 'wss://example.supabase.co/realtime/v1/websocket?apikey=public-anon-key&vsn=2.0.0' failed: Error in connection establishment: net::ERR_NAME_NOT_RESOLVED @ webpack-internal:///(app-pages-browser)/./node_modules/@supabase/phoenix/priv/static/phoenix.mjs:1441
[  853970ms] [ERROR] WebSocket connection to 'wss://example.supabase.co/realtime/v1/websocket?apikey=public-anon-key&vsn=2.0.0' failed: Error in connection establishment: net::ERR_NAME_NOT_RESOLVED @ webpack-internal:///(app-pages-browser)/./node_modules/@supabase/phoenix/priv/static/phoenix.mjs:1441
[  864132ms] [ERROR] WebSocket connection to 'wss://example.supabase.co/realtime/v1/websocket?apikey=public-anon-key&vsn=2.0.0' failed: Error in connection establishment: net::ERR_NAME_NOT_RESOLVED @ webpack-internal:///(app-pages-browser)/./node_modules/@supabase/phoenix/priv/static/phoenix.mjs:1441
[  874259ms] [ERROR] WebSocket connection to 'wss://example.supabase.co/realtime/v1/websocket?apikey=public-anon-key&vsn=2.0.0' failed: Error in connection establishment: net::ERR_NAME_NOT_RESOLVED @ webpack-internal:///(app-pages-browser)/./node_modules/@supabase/phoenix/priv/static/phoenix.mjs:1441
[  884482ms] [ERROR] WebSocket connection to 'wss://example.supabase.co/realtime/v1/websocket?apikey=public-anon-key&vsn=2.0.0' failed: Error in connection establishment: net::ERR_NAME_NOT_RESOLVED @ webpack-internal:///(app-pages-browser)/./node_modules/@supabase/phoenix/priv/static/phoenix.mjs:1441
[  894602ms] [ERROR] WebSocket connection to 'wss://example.supabase.co/realtime/v1/websocket?apikey=public-anon-key&vsn=2.0.0' failed: Error in connection establishment: net::ERR_NAME_NOT_RESOLVED @ webpack-internal:///(app-pages-browser)/./node_modules/@supabase/phoenix/priv/static/phoenix.mjs:1441
[  905089ms] [ERROR] WebSocket connection to 'wss://example.supabase.co/realtime/v1/websocket?apikey=public-anon-key&vsn=2.0.0' failed: Error in connection establishment: net::ERR_NAME_NOT_RESOLVED @ webpack-internal:///(app-pages-browser)/./node_modules/@supabase/phoenix/priv/static/phoenix.mjs:1441
[  915169ms] [ERROR] WebSocket connection to 'wss://example.supabase.co/realtime/v1/websocket?apikey=public-anon-key&vsn=2.0.0' failed: Error in connection establishment: net::ERR_NAME_NOT_RESOLVED @ webpack-internal:///(app-pages-browser)/./node_modules/@supabase/phoenix/priv/static/phoenix.mjs:1441
[  925268ms] [ERROR] WebSocket connection to 'wss://example.supabase.co/realtime/v1/websocket?apikey=public-anon-key&vsn=2.0.0' failed: Error in connection establishment: net::ERR_NAME_NOT_RESOLVED @ webpack-internal:///(app-pages-browser)/./node_modules/@supabase/phoenix/priv/static/phoenix.mjs:1441
[  935456ms] [ERROR] WebSocket connection to 'wss://example.supabase.co/realtime/v1/websocket?apikey=public-anon-key&vsn=2.0.0' failed: Error in connection establishment: net::ERR_NAME_NOT_RESOLVED @ webpack-internal:///(app-pages-browser)/./node_modules/@supabase/phoenix/priv/static/phoenix.mjs:1441
[  945792ms] [ERROR] WebSocket connection to 'wss://example.supabase.co/realtime/v1/websocket?apikey=public-anon-key&vsn=2.0.0' failed: Error in connection establishment: net::ERR_NAME_NOT_RESOLVED @ webpack-internal:///(app-pages-browser)/./node_modules/@supabase/phoenix/priv/static/phoenix.mjs:1441
[  955906ms] [ERROR] WebSocket connection to 'wss://example.supabase.co/realtime/v1/websocket?apikey=public-anon-key&vsn=2.0.0' failed: Error in connection establishment: net::ERR_NAME_NOT_RESOLVED @ webpack-internal:///(app-pages-browser)/./node_modules/@supabase/phoenix/priv/static/phoenix.mjs:1441
[  966136ms] [ERROR] WebSocket connection to 'wss://example.supabase.co/realtime/v1/websocket?apikey=public-anon-key&vsn=2.0.0' failed: Error in connection establishment: net::ERR_NAME_NOT_RESOLVED @ webpack-internal:///(app-pages-browser)/./node_modules/@supabase/phoenix/priv/static/phoenix.mjs:1441
[  976272ms] [ERROR] WebSocket connection to 'wss://example.supabase.co/realtime/v1/websocket?apikey=public-anon-key&vsn=2.0.0' failed: Error in connection establishment: net::ERR_NAME_NOT_RESOLVED @ webpack-internal:///(app-pages-browser)/./node_modules/@supabase/phoenix/priv/static/phoenix.mjs:1441
[  986351ms] [ERROR] WebSocket connection to 'wss://example.supabase.co/realtime/v1/websocket?apikey=public-anon-key&vsn=2.0.0' failed: Error in connection establishment: net::ERR_NAME_NOT_RESOLVED @ webpack-internal:///(app-pages-browser)/./node_modules/@supabase/phoenix/priv/static/phoenix.mjs:1441
[  996653ms] [ERROR] WebSocket connection to 'wss://example.supabase.co/realtime/v1/websocket?apikey=public-anon-key&vsn=2.0.0' failed: Error in connection establishment: net::ERR_NAME_NOT_RESOLVED @ webpack-internal:///(app-pages-browser)/./node_modules/@supabase/phoenix/priv/static/phoenix.mjs:1441
[ 1006788ms] [ERROR] WebSocket connection to 'wss://example.supabase.co/realtime/v1/websocket?apikey=public-anon-key&vsn=2.0.0' failed: Error in connection establishment: net::ERR_NAME_NOT_RESOLVED @ webpack-internal:///(app-pages-browser)/./node_modules/@supabase/phoenix/priv/static/phoenix.mjs:1441
[ 1016880ms] [ERROR] WebSocket connection to 'wss://example.supabase.co/realtime/v1/websocket?apikey=public-anon-key&vsn=2.0.0' failed: Error in connection establishment: net::ERR_NAME_NOT_RESOLVED @ webpack-internal:///(app-pages-browser)/./node_modules/@supabase/phoenix/priv/static/phoenix.mjs:1441
[ 1027060ms] [ERROR] WebSocket connection to 'wss://example.supabase.co/realtime/v1/websocket?apikey=public-anon-key&vsn=2.0.0' failed: Error in connection establishment: net::ERR_NAME_NOT_RESOLVED @ webpack-internal:///(app-pages-browser)/./node_modules/@supabase/phoenix/priv/static/phoenix.mjs:1441
[ 1037591ms] [ERROR] WebSocket connection to 'wss://example.supabase.co/realtime/v1/websocket?apikey=public-anon-key&vsn=2.0.0' failed: Error in connection establishment: net::ERR_NAME_NOT_RESOLVED @ webpack-internal:///(app-pages-browser)/./node_modules/@supabase/phoenix/priv/static/phoenix.mjs:1441
[ 1047630ms] [ERROR] WebSocket connection to 'wss://example.supabase.co/realtime/v1/websocket?apikey=public-anon-key&vsn=2.0.0' failed: Error in connection establishment: net::ERR_NAME_NOT_RESOLVED @ webpack-internal:///(app-pages-browser)/./node_modules/@supabase/phoenix/priv/static/phoenix.mjs:1441
[ 1057749ms] [ERROR] WebSocket connection to 'wss://example.supabase.co/realtime/v1/websocket?apikey=public-anon-key&vsn=2.0.0' failed: Error in connection establishment: net::ERR_NAME_NOT_RESOLVED @ webpack-internal:///(app-pages-browser)/./node_modules/@supabase/phoenix/priv/static/phoenix.mjs:1441
[ 1067855ms] [ERROR] WebSocket connection to 'wss://example.supabase.co/realtime/v1/websocket?apikey=public-anon-key&vsn=2.0.0' failed: Error in connection establishment: net::ERR_NAME_NOT_RESOLVED @ webpack-internal:///(app-pages-browser)/./node_modules/@supabase/phoenix/priv/static/phoenix.mjs:1441
[ 1077897ms] [ERROR] WebSocket connection to 'wss://example.supabase.co/realtime/v1/websocket?apikey=public-anon-key&vsn=2.0.0' failed: Error in connection establishment: net::ERR_NAME_NOT_RESOLVED @ webpack-internal:///(app-pages-browser)/./node_modules/@supabase/phoenix/priv/static/phoenix.mjs:1441
[ 1088419ms] [ERROR] WebSocket connection to 'wss://example.supabase.co/realtime/v1/websocket?apikey=public-anon-key&vsn=2.0.0' failed: Error in connection establishment: net::ERR_NAME_NOT_RESOLVED @ webpack-internal:///(app-pages-browser)/./node_modules/@supabase/phoenix/priv/static/phoenix.mjs:1441
[ 1098485ms] [ERROR] WebSocket connection to 'wss://example.supabase.co/realtime/v1/websocket?apikey=public-anon-key&vsn=2.0.0' failed: Error in connection establishment: net::ERR_NAME_NOT_RESOLVED @ webpack-internal:///(app-pages-browser)/./node_modules/@supabase/phoenix/priv/static/phoenix.mjs:1441
[ 1108541ms] [ERROR] WebSocket connection to 'wss://example.supabase.co/realtime/v1/websocket?apikey=public-anon-key&vsn=2.0.0' failed: Error in connection establishment: net::ERR_NAME_NOT_RESOLVED @ webpack-internal:///(app-pages-browser)/./node_modules/@supabase/phoenix/priv/static/phoenix.mjs:1441
[ 1118725ms] [ERROR] WebSocket connection to 'wss://example.supabase.co/realtime/v1/websocket?apikey=public-anon-key&vsn=2.0.0' failed: Error in connection establishment: net::ERR_NAME_NOT_RESOLVED @ webpack-internal:///(app-pages-browser)/./node_modules/@supabase/phoenix/priv/static/phoenix.mjs:1441
[ 1129017ms] [ERROR] WebSocket connection to 'wss://example.supabase.co/realtime/v1/websocket?apikey=public-anon-key&vsn=2.0.0' failed: Error in connection establishment: net::ERR_NAME_NOT_RESOLVED @ webpack-internal:///(app-pages-browser)/./node_modules/@supabase/phoenix/priv/static/phoenix.mjs:1441
[ 1139516ms] [ERROR] WebSocket connection to 'wss://example.supabase.co/realtime/v1/websocket?apikey=public-anon-key&vsn=2.0.0' failed: Error in connection establishment: net::ERR_NAME_NOT_RESOLVED @ webpack-internal:///(app-pages-browser)/./node_modules/@supabase/phoenix/priv/static/phoenix.mjs:1441
[ 1149641ms] [ERROR] WebSocket connection to 'wss://example.supabase.co/realtime/v1/websocket?apikey=public-anon-key&vsn=2.0.0' failed: Error in connection establishment: net::ERR_NAME_NOT_RESOLVED @ webpack-internal:///(app-pages-browser)/./node_modules/@supabase/phoenix/priv/static/phoenix.mjs:1441
[ 1159676ms] [ERROR] WebSocket connection to 'wss://example.supabase.co/realtime/v1/websocket?apikey=public-anon-key&vsn=2.0.0' failed: Error in connection establishment: net::ERR_NAME_NOT_RESOLVED @ webpack-internal:///(app-pages-browser)/./node_modules/@supabase/phoenix/priv/static/phoenix.mjs:1441
[ 1169781ms] [ERROR] WebSocket connection to 'wss://example.supabase.co/realtime/v1/websocket?apikey=public-anon-key&vsn=2.0.0' failed: Error in connection establishment: net::ERR_NAME_NOT_RESOLVED @ webpack-internal:///(app-pages-browser)/./node_modules/@supabase/phoenix/priv/static/phoenix.mjs:1441
[ 1179953ms] [ERROR] WebSocket connection to 'wss://example.supabase.co/realtime/v1/websocket?apikey=public-anon-key&vsn=2.0.0' failed: Error in connection establishment: net::ERR_NAME_NOT_RESOLVED @ webpack-internal:///(app-pages-browser)/./node_modules/@supabase/phoenix/priv/static/phoenix.mjs:1441
[ 1190374ms] [ERROR] WebSocket connection to 'wss://example.supabase.co/realtime/v1/websocket?apikey=public-anon-key&vsn=2.0.0' failed: Error in connection establishment: net::ERR_NAME_NOT_RESOLVED @ webpack-internal:///(app-pages-browser)/./node_modules/@supabase/phoenix/priv/static/phoenix.mjs:1441
[ 1200415ms] [ERROR] WebSocket connection to 'wss://example.supabase.co/realtime/v1/websocket?apikey=public-anon-key&vsn=2.0.0' failed: Error in connection establishment: net::ERR_NAME_NOT_RESOLVED @ webpack-internal:///(app-pages-browser)/./node_modules/@supabase/phoenix/priv/static/phoenix.mjs:1441
[ 1210622ms] [ERROR] WebSocket connection to 'wss://example.supabase.co/realtime/v1/websocket?apikey=public-anon-key&vsn=2.0.0' failed: Error in connection establishment: net::ERR_NAME_NOT_RESOLVED @ webpack-internal:///(app-pages-browser)/./node_modules/@supabase/phoenix/priv/static/phoenix.mjs:1441
[ 1220767ms] [ERROR] WebSocket connection to 'wss://example.supabase.co/realtime/v1/websocket?apikey=public-anon-key&vsn=2.0.0' failed: Error in connection establishment: net::ERR_NAME_NOT_RESOLVED @ webpack-internal:///(app-pages-browser)/./node_modules/@supabase/phoenix/priv/static/phoenix.mjs:1441
[ 1230880ms] [ERROR] WebSocket connection to 'wss://example.supabase.co/realtime/v1/websocket?apikey=public-anon-key&vsn=2.0.0' failed: Error in connection establishment: net::ERR_NAME_NOT_RESOLVED @ webpack-internal:///(app-pages-browser)/./node_modules/@supabase/phoenix/priv/static/phoenix.mjs:1441
[ 1241352ms] [ERROR] WebSocket connection to 'wss://example.supabase.co/realtime/v1/websocket?apikey=public-anon-key&vsn=2.0.0' failed: Error in connection establishment: net::ERR_NAME_NOT_RESOLVED @ webpack-internal:///(app-pages-browser)/./node_modules/@supabase/phoenix/priv/static/phoenix.mjs:1441
[ 1251519ms] [ERROR] WebSocket connection to 'wss://example.supabase.co/realtime/v1/websocket?apikey=public-anon-key&vsn=2.0.0' failed: Error in connection establishment: net::ERR_NAME_NOT_RESOLVED @ webpack-internal:///(app-pages-browser)/./node_modules/@supabase/phoenix/priv/static/phoenix.mjs:1441
[ 1261628ms] [ERROR] WebSocket connection to 'wss://example.supabase.co/realtime/v1/websocket?apikey=public-anon-key&vsn=2.0.0' failed: Error in connection establishment: net::ERR_NAME_NOT_RESOLVED @ webpack-internal:///(app-pages-browser)/./node_modules/@supabase/phoenix/priv/static/phoenix.mjs:1441
[ 1272086ms] [ERROR] WebSocket connection to 'wss://example.supabase.co/realtime/v1/websocket?apikey=public-anon-key&vsn=2.0.0' failed: Error in connection establishment: net::ERR_NAME_NOT_RESOLVED @ webpack-internal:///(app-pages-browser)/./node_modules/@supabase/phoenix/priv/static/phoenix.mjs:1441
[ 1282244ms] [ERROR] WebSocket connection to 'wss://example.supabase.co/realtime/v1/websocket?apikey=public-anon-key&vsn=2.0.0' failed: Error in connection establishment: net::ERR_NAME_NOT_RESOLVED @ webpack-internal:///(app-pages-browser)/./node_modules/@supabase/phoenix/priv/static/phoenix.mjs:1441
[ 1292507ms] [ERROR] WebSocket connection to 'wss://example.supabase.co/realtime/v1/websocket?apikey=public-anon-key&vsn=2.0.0' failed: Error in connection establishment: net::ERR_NAME_NOT_RESOLVED @ webpack-internal:///(app-pages-browser)/./node_modules/@supabase/phoenix/priv/static/phoenix.mjs:1441
[ 1302656ms] [ERROR] WebSocket connection to 'wss://example.supabase.co/realtime/v1/websocket?apikey=public-anon-key&vsn=2.0.0' failed: Error in connection establishment: net::ERR_NAME_NOT_RESOLVED @ webpack-internal:///(app-pages-browser)/./node_modules/@supabase/phoenix/priv/static/phoenix.mjs:1441
[ 1312736ms] [ERROR] WebSocket connection to 'wss://example.supabase.co/realtime/v1/websocket?apikey=public-anon-key&vsn=2.0.0' failed: Error in connection establishment: net::ERR_NAME_NOT_RESOLVED @ webpack-internal:///(app-pages-browser)/./node_modules/@supabase/phoenix/priv/static/phoenix.mjs:1441
[ 1322839ms] [ERROR] WebSocket connection to 'wss://example.supabase.co/realtime/v1/websocket?apikey=public-anon-key&vsn=2.0.0' failed: Error in connection establishment: net::ERR_NAME_NOT_RESOLVED @ webpack-internal:///(app-pages-browser)/./node_modules/@supabase/phoenix/priv/static/phoenix.mjs:1441
[ 1332988ms] [ERROR] WebSocket connection to 'wss://example.supabase.co/realtime/v1/websocket?apikey=public-anon-key&vsn=2.0.0' failed: Error in connection establishment: net::ERR_NAME_NOT_RESOLVED @ webpack-internal:///(app-pages-browser)/./node_modules/@supabase/phoenix/priv/static/phoenix.mjs:1441
[ 1343051ms] [ERROR] WebSocket connection to 'wss://example.supabase.co/realtime/v1/websocket?apikey=public-anon-key&vsn=2.0.0' failed: Error in connection establishment: net::ERR_NAME_NOT_RESOLVED @ webpack-internal:///(app-pages-browser)/./node_modules/@supabase/phoenix/priv/static/phoenix.mjs:1441
[ 1353197ms] [ERROR] WebSocket connection to 'wss://example.supabase.co/realtime/v1/websocket?apikey=public-anon-key&vsn=2.0.0' failed: Error in connection establishment: net::ERR_NAME_NOT_RESOLVED @ webpack-internal:///(app-pages-browser)/./node_modules/@supabase/phoenix/priv/static/phoenix.mjs:1441
[ 1363396ms] [ERROR] WebSocket connection to 'wss://example.supabase.co/realtime/v1/websocket?apikey=public-anon-key&vsn=2.0.0' failed: Error in connection establishment: net::ERR_NAME_NOT_RESOLVED @ webpack-internal:///(app-pages-browser)/./node_modules/@supabase/phoenix/priv/static/phoenix.mjs:1441
[ 1373679ms] [ERROR] WebSocket connection to 'wss://example.supabase.co/realtime/v1/websocket?apikey=public-anon-key&vsn=2.0.0' failed: Error in connection establishment: net::ERR_NAME_NOT_RESOLVED @ webpack-internal:///(app-pages-browser)/./node_modules/@supabase/phoenix/priv/static/phoenix.mjs:1441
[ 1383711ms] [ERROR] WebSocket connection to 'wss://example.supabase.co/realtime/v1/websocket?apikey=public-anon-key&vsn=2.0.0' failed: Error in connection establishment: net::ERR_NAME_NOT_RESOLVED @ webpack-internal:///(app-pages-browser)/./node_modules/@supabase/phoenix/priv/static/phoenix.mjs:1441
[ 1394214ms] [ERROR] WebSocket connection to 'wss://example.supabase.co/realtime/v1/websocket?apikey=public-anon-key&vsn=2.0.0' failed: Error in connection establishment: net::ERR_NAME_NOT_RESOLVED @ webpack-internal:///(app-pages-browser)/./node_modules/@supabase/phoenix/priv/static/phoenix.mjs:1441
[ 1404244ms] [ERROR] WebSocket connection to 'wss://example.supabase.co/realtime/v1/websocket?apikey=public-anon-key&vsn=2.0.0' failed: Error in connection establishment: net::ERR_NAME_NOT_RESOLVED @ webpack-internal:///(app-pages-browser)/./node_modules/@supabase/phoenix/priv/static/phoenix.mjs:1441
[ 1414276ms] [ERROR] WebSocket connection to 'wss://example.supabase.co/realtime/v1/websocket?apikey=public-anon-key&vsn=2.0.0' failed: Error in connection establishment: net::ERR_NAME_NOT_RESOLVED @ webpack-internal:///(app-pages-browser)/./node_modules/@supabase/phoenix/priv/static/phoenix.mjs:1441
[ 1424460ms] [ERROR] WebSocket connection to 'wss://example.supabase.co/realtime/v1/websocket?apikey=public-anon-key&vsn=2.0.0' failed: Error in connection establishment: net::ERR_NAME_NOT_RESOLVED @ webpack-internal:///(app-pages-browser)/./node_modules/@supabase/phoenix/priv/static/phoenix.mjs:1441
[ 1434822ms] [ERROR] WebSocket connection to 'wss://example.supabase.co/realtime/v1/websocket?apikey=public-anon-key&vsn=2.0.0' failed: Error in connection establishment: net::ERR_NAME_NOT_RESOLVED @ webpack-internal:///(app-pages-browser)/./node_modules/@supabase/phoenix/priv/static/phoenix.mjs:1441
[ 1444926ms] [ERROR] WebSocket connection to 'wss://example.supabase.co/realtime/v1/websocket?apikey=public-anon-key&vsn=2.0.0' failed: Error in connection establishment: net::ERR_NAME_NOT_RESOLVED @ webpack-internal:///(app-pages-browser)/./node_modules/@supabase/phoenix/priv/static/phoenix.mjs:1441
[ 1455062ms] [ERROR] WebSocket connection to 'wss://example.supabase.co/realtime/v1/websocket?apikey=public-anon-key&vsn=2.0.0' failed: Error in connection establishment: net::ERR_NAME_NOT_RESOLVED @ webpack-internal:///(app-pages-browser)/./node_modules/@supabase/phoenix/priv/static/phoenix.mjs:1441
[ 1465122ms] [ERROR] WebSocket connection to 'wss://example.supabase.co/realtime/v1/websocket?apikey=public-anon-key&vsn=2.0.0' failed: Error in connection establishment: net::ERR_NAME_NOT_RESOLVED @ webpack-internal:///(app-pages-browser)/./node_modules/@supabase/phoenix/priv/static/phoenix.mjs:1441
[ 1475247ms] [ERROR] WebSocket connection to 'wss://example.supabase.co/realtime/v1/websocket?apikey=public-anon-key&vsn=2.0.0' failed: Error in connection establishment: net::ERR_NAME_NOT_RESOLVED @ webpack-internal:///(app-pages-browser)/./node_modules/@supabase/phoenix/priv/static/phoenix.mjs:1441
[ 1485487ms] [ERROR] WebSocket connection to 'wss://example.supabase.co/realtime/v1/websocket?apikey=public-anon-key&vsn=2.0.0' failed: Error in connection establishment: net::ERR_NAME_NOT_RESOLVED @ webpack-internal:///(app-pages-browser)/./node_modules/@supabase/phoenix/priv/static/phoenix.mjs:1441
[ 1495818ms] [ERROR] WebSocket connection to 'wss://example.supabase.co/realtime/v1/websocket?apikey=public-anon-key&vsn=2.0.0' failed: Error in connection establishment: net::ERR_NAME_NOT_RESOLVED @ webpack-internal:///(app-pages-browser)/./node_modules/@supabase/phoenix/priv/static/phoenix.mjs:1441
[ 1505927ms] [ERROR] WebSocket connection to 'wss://example.supabase.co/realtime/v1/websocket?apikey=public-anon-key&vsn=2.0.0' failed: Error in connection establishment: net::ERR_NAME_NOT_RESOLVED @ webpack-internal:///(app-pages-browser)/./node_modules/@supabase/phoenix/priv/static/phoenix.mjs:1441
[ 1516482ms] [ERROR] WebSocket connection to 'wss://example.supabase.co/realtime/v1/websocket?apikey=public-anon-key&vsn=2.0.0' failed: Error in connection establishment: net::ERR_NAME_NOT_RESOLVED @ webpack-internal:///(app-pages-browser)/./node_modules/@supabase/phoenix/priv/static/phoenix.mjs:1441
[ 1526562ms] [ERROR] WebSocket connection to 'wss://example.supabase.co/realtime/v1/websocket?apikey=public-anon-key&vsn=2.0.0' failed: Error in connection establishment: net::ERR_NAME_NOT_RESOLVED @ webpack-internal:///(app-pages-browser)/./node_modules/@supabase/phoenix/priv/static/phoenix.mjs:1441
[ 1536799ms] [ERROR] WebSocket connection to 'wss://example.supabase.co/realtime/v1/websocket?apikey=public-anon-key&vsn=2.0.0' failed: Error in connection establishment: net::ERR_NAME_NOT_RESOLVED @ webpack-internal:///(app-pages-browser)/./node_modules/@supabase/phoenix/priv/static/phoenix.mjs:1441
[ 1546850ms] [ERROR] WebSocket connection to 'wss://example.supabase.co/realtime/v1/websocket?apikey=public-anon-key&vsn=2.0.0' failed: Error in connection establishment: net::ERR_NAME_NOT_RESOLVED @ webpack-internal:///(app-pages-browser)/./node_modules/@supabase/phoenix/priv/static/phoenix.mjs:1441
[ 1557335ms] [ERROR] WebSocket connection to 'wss://example.supabase.co/realtime/v1/websocket?apikey=public-anon-key&vsn=2.0.0' failed: Error in connection establishment: net::ERR_NAME_NOT_RESOLVED @ webpack-internal:///(app-pages-browser)/./node_modules/@supabase/phoenix/priv/static/phoenix.mjs:1441
[ 1567450ms] [ERROR] WebSocket connection to 'wss://example.supabase.co/realtime/v1/websocket?apikey=public-anon-key&vsn=2.0.0' failed: Error in connection establishment: net::ERR_NAME_NOT_RESOLVED @ webpack-internal:///(app-pages-browser)/./node_modules/@supabase/phoenix/priv/static/phoenix.mjs:1441
[ 1577634ms] [ERROR] WebSocket connection to 'wss://example.supabase.co/realtime/v1/websocket?apikey=public-anon-key&vsn=2.0.0' failed: Error in connection establishment: net::ERR_NAME_NOT_RESOLVED @ webpack-internal:///(app-pages-browser)/./node_modules/@supabase/phoenix/priv/static/phoenix.mjs:1441
[ 1587991ms] [ERROR] WebSocket connection to 'wss://example.supabase.co/realtime/v1/websocket?apikey=public-anon-key&vsn=2.0.0' failed: Error in connection establishment: net::ERR_NAME_NOT_RESOLVED @ webpack-internal:///(app-pages-browser)/./node_modules/@supabase/phoenix/priv/static/phoenix.mjs:1441
[ 1598162ms] [ERROR] WebSocket connection to 'wss://example.supabase.co/realtime/v1/websocket?apikey=public-anon-key&vsn=2.0.0' failed: Error in connection establishment: net::ERR_NAME_NOT_RESOLVED @ webpack-internal:///(app-pages-browser)/./node_modules/@supabase/phoenix/priv/static/phoenix.mjs:1441
[ 1608570ms] [ERROR] WebSocket connection to 'wss://example.supabase.co/realtime/v1/websocket?apikey=public-anon-key&vsn=2.0.0' failed: Error in connection establishment: net::ERR_NAME_NOT_RESOLVED @ webpack-internal:///(app-pages-browser)/./node_modules/@supabase/phoenix/priv/static/phoenix.mjs:1441
[ 1618726ms] [ERROR] WebSocket connection to 'wss://example.supabase.co/realtime/v1/websocket?apikey=public-anon-key&vsn=2.0.0' failed: Error in connection establishment: net::ERR_NAME_NOT_RESOLVED @ webpack-internal:///(app-pages-browser)/./node_modules/@supabase/phoenix/priv/static/phoenix.mjs:1441
[ 1628829ms] [ERROR] WebSocket connection to 'wss://example.supabase.co/realtime/v1/websocket?apikey=public-anon-key&vsn=2.0.0' failed: Error in connection establishment: net::ERR_NAME_NOT_RESOLVED @ webpack-internal:///(app-pages-browser)/./node_modules/@supabase/phoenix/priv/static/phoenix.mjs:1441
[ 1638939ms] [ERROR] WebSocket connection to 'wss://example.supabase.co/realtime/v1/websocket?apikey=public-anon-key&vsn=2.0.0' failed: Error in connection establishment: net::ERR_NAME_NOT_RESOLVED @ webpack-internal:///(app-pages-browser)/./node_modules/@supabase/phoenix/priv/static/phoenix.mjs:1441
[ 1648952ms] [ERROR] WebSocket connection to 'wss://example.supabase.co/realtime/v1/websocket?apikey=public-anon-key&vsn=2.0.0' failed: Error in connection establishment: net::ERR_NAME_NOT_RESOLVED @ webpack-internal:///(app-pages-browser)/./node_modules/@supabase/phoenix/priv/static/phoenix.mjs:1441
[ 1659312ms] [ERROR] WebSocket connection to 'wss://example.supabase.co/realtime/v1/websocket?apikey=public-anon-key&vsn=2.0.0' failed: Error in connection establishment: net::ERR_NAME_NOT_RESOLVED @ webpack-internal:///(app-pages-browser)/./node_modules/@supabase/phoenix/priv/static/phoenix.mjs:1441
[ 1669360ms] [ERROR] WebSocket connection to 'wss://example.supabase.co/realtime/v1/websocket?apikey=public-anon-key&vsn=2.0.0' failed: Error in connection establishment: net::ERR_NAME_NOT_RESOLVED @ webpack-internal:///(app-pages-browser)/./node_modules/@supabase/phoenix/priv/static/phoenix.mjs:1441
[ 1679387ms] [ERROR] WebSocket connection to 'wss://example.supabase.co/realtime/v1/websocket?apikey=public-anon-key&vsn=2.0.0' failed: Error in connection establishment: net::ERR_NAME_NOT_RESOLVED @ webpack-internal:///(app-pages-browser)/./node_modules/@supabase/phoenix/priv/static/phoenix.mjs:1441
[ 1689497ms] [ERROR] WebSocket connection to 'wss://example.supabase.co/realtime/v1/websocket?apikey=public-anon-key&vsn=2.0.0' failed: Error in connection establishment: net::ERR_NAME_NOT_RESOLVED @ webpack-internal:///(app-pages-browser)/./node_modules/@supabase/phoenix/priv/static/phoenix.mjs:1441
[ 1699778ms] [ERROR] WebSocket connection to 'wss://example.supabase.co/realtime/v1/websocket?apikey=public-anon-key&vsn=2.0.0' failed: Error in connection establishment: net::ERR_NAME_NOT_RESOLVED @ webpack-internal:///(app-pages-browser)/./node_modules/@supabase/phoenix/priv/static/phoenix.mjs:1441
[ 1709850ms] [ERROR] WebSocket connection to 'wss://example.supabase.co/realtime/v1/websocket?apikey=public-anon-key&vsn=2.0.0' failed: Error in connection establishment: net::ERR_NAME_NOT_RESOLVED @ webpack-internal:///(app-pages-browser)/./node_modules/@supabase/phoenix/priv/static/phoenix.mjs:1441
[ 1719924ms] [ERROR] WebSocket connection to 'wss://example.supabase.co/realtime/v1/websocket?apikey=public-anon-key&vsn=2.0.0' failed: Error in connection establishment: net::ERR_NAME_NOT_RESOLVED @ webpack-internal:///(app-pages-browser)/./node_modules/@supabase/phoenix/priv/static/phoenix.mjs:1441
[ 1730246ms] [ERROR] WebSocket connection to 'wss://example.supabase.co/realtime/v1/websocket?apikey=public-anon-key&vsn=2.0.0' failed: Error in connection establishment: net::ERR_NAME_NOT_RESOLVED @ webpack-internal:///(app-pages-browser)/./node_modules/@supabase/phoenix/priv/static/phoenix.mjs:1441
[ 1740795ms] [ERROR] WebSocket connection to 'wss://example.supabase.co/realtime/v1/websocket?apikey=public-anon-key&vsn=2.0.0' failed: Error in connection establishment: net::ERR_NAME_NOT_RESOLVED @ webpack-internal:///(app-pages-browser)/./node_modules/@supabase/phoenix/priv/static/phoenix.mjs:1441
[ 1751040ms] [ERROR] WebSocket connection to 'wss://example.supabase.co/realtime/v1/websocket?apikey=public-anon-key&vsn=2.0.0' failed: Error in connection establishment: net::ERR_NAME_NOT_RESOLVED @ webpack-internal:///(app-pages-browser)/./node_modules/@supabase/phoenix/priv/static/phoenix.mjs:1441
[ 1761153ms] [ERROR] WebSocket connection to 'wss://example.supabase.co/realtime/v1/websocket?apikey=public-anon-key&vsn=2.0.0' failed: Error in connection establishment: net::ERR_NAME_NOT_RESOLVED @ webpack-internal:///(app-pages-browser)/./node_modules/@supabase/phoenix/priv/static/phoenix.mjs:1441
[ 1771181ms] [ERROR] WebSocket connection to 'wss://example.supabase.co/realtime/v1/websocket?apikey=public-anon-key&vsn=2.0.0' failed: Error in connection establishment: net::ERR_NAME_NOT_RESOLVED @ webpack-internal:///(app-pages-browser)/./node_modules/@supabase/phoenix/priv/static/phoenix.mjs:1441
[ 1781623ms] [ERROR] WebSocket connection to 'wss://example.supabase.co/realtime/v1/websocket?apikey=public-anon-key&vsn=2.0.0' failed: Error in connection establishment: net::ERR_NAME_NOT_RESOLVED @ webpack-internal:///(app-pages-browser)/./node_modules/@supabase/phoenix/priv/static/phoenix.mjs:1441
[ 1791668ms] [ERROR] WebSocket connection to 'wss://example.supabase.co/realtime/v1/websocket?apikey=public-anon-key&vsn=2.0.0' failed: Error in connection establishment: net::ERR_NAME_NOT_RESOLVED @ webpack-internal:///(app-pages-browser)/./node_modules/@supabase/phoenix/priv/static/phoenix.mjs:1441
[ 1801768ms] [ERROR] WebSocket connection to 'wss://example.supabase.co/realtime/v1/websocket?apikey=public-anon-key&vsn=2.0.0' failed: Error in connection establishment: net::ERR_NAME_NOT_RESOLVED @ webpack-internal:///(app-pages-browser)/./node_modules/@supabase/phoenix/priv/static/phoenix.mjs:1441
[ 1811852ms] [ERROR] WebSocket connection to 'wss://example.supabase.co/realtime/v1/websocket?apikey=public-anon-key&vsn=2.0.0' failed: Error in connection establishment: net::ERR_NAME_NOT_RESOLVED @ webpack-internal:///(app-pages-browser)/./node_modules/@supabase/phoenix/priv/static/phoenix.mjs:1441
[ 1821918ms] [ERROR] WebSocket connection to 'wss://example.supabase.co/realtime/v1/websocket?apikey=public-anon-key&vsn=2.0.0' failed: Error in connection establishment: net::ERR_NAME_NOT_RESOLVED @ webpack-internal:///(app-pages-browser)/./node_modules/@supabase/phoenix/priv/static/phoenix.mjs:1441
[ 1832070ms] [ERROR] WebSocket connection to 'wss://example.supabase.co/realtime/v1/websocket?apikey=public-anon-key&vsn=2.0.0' failed: Error in connection establishment: net::ERR_NAME_NOT_RESOLVED @ webpack-internal:///(app-pages-browser)/./node_modules/@supabase/phoenix/priv/static/phoenix.mjs:1441
[ 1842179ms] [ERROR] WebSocket connection to 'wss://example.supabase.co/realtime/v1/websocket?apikey=public-anon-key&vsn=2.0.0' failed: Error in connection establishment: net::ERR_NAME_NOT_RESOLVED @ webpack-internal:///(app-pages-browser)/./node_modules/@supabase/phoenix/priv/static/phoenix.mjs:1441
[ 1852459ms] [ERROR] WebSocket connection to 'wss://example.supabase.co/realtime/v1/websocket?apikey=public-anon-key&vsn=2.0.0' failed: Error in connection establishment: net::ERR_NAME_NOT_RESOLVED @ webpack-internal:///(app-pages-browser)/./node_modules/@supabase/phoenix/priv/static/phoenix.mjs:1441
[ 1862689ms] [ERROR] WebSocket connection to 'wss://example.supabase.co/realtime/v1/websocket?apikey=public-anon-key&vsn=2.0.0' failed: Error in connection establishment: net::ERR_NAME_NOT_RESOLVED @ webpack-internal:///(app-pages-browser)/./node_modules/@supabase/phoenix/priv/static/phoenix.mjs:1441
[ 1873142ms] [ERROR] WebSocket connection to 'wss://example.supabase.co/realtime/v1/websocket?apikey=public-anon-key&vsn=2.0.0' failed: Error in connection establishment: net::ERR_NAME_NOT_RESOLVED @ webpack-internal:///(app-pages-browser)/./node_modules/@supabase/phoenix/priv/static/phoenix.mjs:1441
[ 1883245ms] [ERROR] WebSocket connection to 'wss://example.supabase.co/realtime/v1/websocket?apikey=public-anon-key&vsn=2.0.0' failed: Error in connection establishment: net::ERR_NAME_NOT_RESOLVED @ webpack-internal:///(app-pages-browser)/./node_modules/@supabase/phoenix/priv/static/phoenix.mjs:1441
[ 1893328ms] [ERROR] WebSocket connection to 'wss://example.supabase.co/realtime/v1/websocket?apikey=public-anon-key&vsn=2.0.0' failed: Error in connection establishment: net::ERR_NAME_NOT_RESOLVED @ webpack-internal:///(app-pages-browser)/./node_modules/@supabase/phoenix/priv/static/phoenix.mjs:1441
[ 1903366ms] [ERROR] WebSocket connection to 'wss://example.supabase.co/realtime/v1/websocket?apikey=public-anon-key&vsn=2.0.0' failed: Error in connection establishment: net::ERR_NAME_NOT_RESOLVED @ webpack-internal:///(app-pages-browser)/./node_modules/@supabase/phoenix/priv/static/phoenix.mjs:1441
[ 1913913ms] [ERROR] WebSocket connection to 'wss://example.supabase.co/realtime/v1/websocket?apikey=public-anon-key&vsn=2.0.0' failed: Error in connection establishment: net::ERR_NAME_NOT_RESOLVED @ webpack-internal:///(app-pages-browser)/./node_modules/@supabase/phoenix/priv/static/phoenix.mjs:1441
[ 1923999ms] [ERROR] WebSocket connection to 'wss://example.supabase.co/realtime/v1/websocket?apikey=public-anon-key&vsn=2.0.0' failed: Error in connection establishment: net::ERR_NAME_NOT_RESOLVED @ webpack-internal:///(app-pages-browser)/./node_modules/@supabase/phoenix/priv/static/phoenix.mjs:1441
[ 1934044ms] [ERROR] WebSocket connection to 'wss://example.supabase.co/realtime/v1/websocket?apikey=public-anon-key&vsn=2.0.0' failed: Error in connection establishment: net::ERR_NAME_NOT_RESOLVED @ webpack-internal:///(app-pages-browser)/./node_modules/@supabase/phoenix/priv/static/phoenix.mjs:1441
[ 1944197ms] [ERROR] WebSocket connection to 'wss://example.supabase.co/realtime/v1/websocket?apikey=public-anon-key&vsn=2.0.0' failed: Error in connection establishment: net::ERR_NAME_NOT_RESOLVED @ webpack-internal:///(app-pages-browser)/./node_modules/@supabase/phoenix/priv/static/phoenix.mjs:1441
[ 1954326ms] [ERROR] WebSocket connection to 'wss://example.supabase.co/realtime/v1/websocket?apikey=public-anon-key&vsn=2.0.0' failed: Error in connection establishment: net::ERR_NAME_NOT_RESOLVED @ webpack-internal:///(app-pages-browser)/./node_modules/@supabase/phoenix/priv/static/phoenix.mjs:1441
[ 1964376ms] [ERROR] WebSocket connection to 'wss://example.supabase.co/realtime/v1/websocket?apikey=public-anon-key&vsn=2.0.0' failed: Error in connection establishment: net::ERR_NAME_NOT_RESOLVED @ webpack-internal:///(app-pages-browser)/./node_modules/@supabase/phoenix/priv/static/phoenix.mjs:1441
[ 1974558ms] [ERROR] WebSocket connection to 'wss://example.supabase.co/realtime/v1/websocket?apikey=public-anon-key&vsn=2.0.0' failed: Error in connection establishment: net::ERR_NAME_NOT_RESOLVED @ webpack-internal:///(app-pages-browser)/./node_modules/@supabase/phoenix/priv/static/phoenix.mjs:1441
[ 1984862ms] [ERROR] WebSocket connection to 'wss://example.supabase.co/realtime/v1/websocket?apikey=public-anon-key&vsn=2.0.0' failed: Error in connection establishment: net::ERR_NAME_NOT_RESOLVED @ webpack-internal:///(app-pages-browser)/./node_modules/@supabase/phoenix/priv/static/phoenix.mjs:1441
[ 1994895ms] [ERROR] WebSocket connection to 'wss://example.supabase.co/realtime/v1/websocket?apikey=public-anon-key&vsn=2.0.0' failed: Error in connection establishment: net::ERR_NAME_NOT_RESOLVED @ webpack-internal:///(app-pages-browser)/./node_modules/@supabase/phoenix/priv/static/phoenix.mjs:1441
[ 2005071ms] [ERROR] WebSocket connection to 'wss://example.supabase.co/realtime/v1/websocket?apikey=public-anon-key&vsn=2.0.0' failed: Error in connection establishment: net::ERR_NAME_NOT_RESOLVED @ webpack-internal:///(app-pages-browser)/./node_modules/@supabase/phoenix/priv/static/phoenix.mjs:1441
[ 2015658ms] [ERROR] WebSocket connection to 'wss://example.supabase.co/realtime/v1/websocket?apikey=public-anon-key&vsn=2.0.0' failed: Error in connection establishment: net::ERR_NAME_NOT_RESOLVED @ webpack-internal:///(app-pages-browser)/./node_modules/@supabase/phoenix/priv/static/phoenix.mjs:1441
[ 2025693ms] [ERROR] WebSocket connection to 'wss://example.supabase.co/realtime/v1/websocket?apikey=public-anon-key&vsn=2.0.0' failed: Error in connection establishment: net::ERR_NAME_NOT_RESOLVED @ webpack-internal:///(app-pages-browser)/./node_modules/@supabase/phoenix/priv/static/phoenix.mjs:1441
[ 2035924ms] [ERROR] WebSocket connection to 'wss://example.supabase.co/realtime/v1/websocket?apikey=public-anon-key&vsn=2.0.0' failed: Error in connection establishment: net::ERR_NAME_NOT_RESOLVED @ webpack-internal:///(app-pages-browser)/./node_modules/@supabase/phoenix/priv/static/phoenix.mjs:1441
[ 2045968ms] [ERROR] WebSocket connection to 'wss://example.supabase.co/realtime/v1/websocket?apikey=public-anon-key&vsn=2.0.0' failed: Error in connection establishment: net::ERR_NAME_NOT_RESOLVED @ webpack-internal:///(app-pages-browser)/./node_modules/@supabase/phoenix/priv/static/phoenix.mjs:1441
[ 2056141ms] [ERROR] WebSocket connection to 'wss://example.supabase.co/realtime/v1/websocket?apikey=public-anon-key&vsn=2.0.0' failed: Error in connection establishment: net::ERR_NAME_NOT_RESOLVED @ webpack-internal:///(app-pages-browser)/./node_modules/@supabase/phoenix/priv/static/phoenix.mjs:1441
[ 2066193ms] [ERROR] WebSocket connection to 'wss://example.supabase.co/realtime/v1/websocket?apikey=public-anon-key&vsn=2.0.0' failed: Error in connection establishment: net::ERR_NAME_NOT_RESOLVED @ webpack-internal:///(app-pages-browser)/./node_modules/@supabase/phoenix/priv/static/phoenix.mjs:1441
[ 2076334ms] [ERROR] WebSocket connection to 'wss://example.supabase.co/realtime/v1/websocket?apikey=public-anon-key&vsn=2.0.0' failed: Error in connection establishment: net::ERR_NAME_NOT_RESOLVED @ webpack-internal:///(app-pages-browser)/./node_modules/@supabase/phoenix/priv/static/phoenix.mjs:1441
[ 2086499ms] [ERROR] WebSocket connection to 'wss://example.supabase.co/realtime/v1/websocket?apikey=public-anon-key&vsn=2.0.0' failed: Error in connection establishment: net::ERR_NAME_NOT_RESOLVED @ webpack-internal:///(app-pages-browser)/./node_modules/@supabase/phoenix/priv/static/phoenix.mjs:1441
[ 2096895ms] [ERROR] WebSocket connection to 'wss://example.supabase.co/realtime/v1/websocket?apikey=public-anon-key&vsn=2.0.0' failed: Error in connection establishment: net::ERR_NAME_NOT_RESOLVED @ webpack-internal:///(app-pages-browser)/./node_modules/@supabase/phoenix/priv/static/phoenix.mjs:1441
[ 2107178ms] [ERROR] WebSocket connection to 'wss://example.supabase.co/realtime/v1/websocket?apikey=public-anon-key&vsn=2.0.0' failed: Error in connection establishment: net::ERR_NAME_NOT_RESOLVED @ webpack-internal:///(app-pages-browser)/./node_modules/@supabase/phoenix/priv/static/phoenix.mjs:1441
[ 2117285ms] [ERROR] WebSocket connection to 'wss://example.supabase.co/realtime/v1/websocket?apikey=public-anon-key&vsn=2.0.0' failed: Error in connection establishment: net::ERR_NAME_NOT_RESOLVED @ webpack-internal:///(app-pages-browser)/./node_modules/@supabase/phoenix/priv/static/phoenix.mjs:1441
[ 2127335ms] [ERROR] WebSocket connection to 'wss://example.supabase.co/realtime/v1/websocket?apikey=public-anon-key&vsn=2.0.0' failed: Error in connection establishment: net::ERR_NAME_NOT_RESOLVED @ webpack-internal:///(app-pages-browser)/./node_modules/@supabase/phoenix/priv/static/phoenix.mjs:1441
[ 2137812ms] [ERROR] WebSocket connection to 'wss://example.supabase.co/realtime/v1/websocket?apikey=public-anon-key&vsn=2.0.0' failed: Error in connection establishment: net::ERR_NAME_NOT_RESOLVED @ webpack-internal:///(app-pages-browser)/./node_modules/@supabase/phoenix/priv/static/phoenix.mjs:1441
[ 2148110ms] [ERROR] WebSocket connection to 'wss://example.supabase.co/realtime/v1/websocket?apikey=public-anon-key&vsn=2.0.0' failed: Error in connection establishment: net::ERR_NAME_NOT_RESOLVED @ webpack-internal:///(app-pages-browser)/./node_modules/@supabase/phoenix/priv/static/phoenix.mjs:1441
[ 2158294ms] [ERROR] WebSocket connection to 'wss://example.supabase.co/realtime/v1/websocket?apikey=public-anon-key&vsn=2.0.0' failed: Error in connection establishment: net::ERR_NAME_NOT_RESOLVED @ webpack-internal:///(app-pages-browser)/./node_modules/@supabase/phoenix/priv/static/phoenix.mjs:1441
[ 2168333ms] [ERROR] WebSocket connection to 'wss://example.supabase.co/realtime/v1/websocket?apikey=public-anon-key&vsn=2.0.0' failed: Error in connection establishment: net::ERR_NAME_NOT_RESOLVED @ webpack-internal:///(app-pages-browser)/./node_modules/@supabase/phoenix/priv/static/phoenix.mjs:1441
[ 2178450ms] [ERROR] WebSocket connection to 'wss://example.supabase.co/realtime/v1/websocket?apikey=public-anon-key&vsn=2.0.0' failed: Error in connection establishment: net::ERR_NAME_NOT_RESOLVED @ webpack-internal:///(app-pages-browser)/./node_modules/@supabase/phoenix/priv/static/phoenix.mjs:1441
[ 2189091ms] [ERROR] WebSocket connection to 'wss://example.supabase.co/realtime/v1/websocket?apikey=public-anon-key&vsn=2.0.0' failed: Error in connection establishment: net::ERR_NAME_NOT_RESOLVED @ webpack-internal:///(app-pages-browser)/./node_modules/@supabase/phoenix/priv/static/phoenix.mjs:1441
[ 2199165ms] [ERROR] WebSocket connection to 'wss://example.supabase.co/realtime/v1/websocket?apikey=public-anon-key&vsn=2.0.0' failed: Error in connection establishment: net::ERR_NAME_NOT_RESOLVED @ webpack-internal:///(app-pages-browser)/./node_modules/@supabase/phoenix/priv/static/phoenix.mjs:1441
[ 2209242ms] [ERROR] WebSocket connection to 'wss://example.supabase.co/realtime/v1/websocket?apikey=public-anon-key&vsn=2.0.0' failed: Error in connection establishment: net::ERR_NAME_NOT_RESOLVED @ webpack-internal:///(app-pages-browser)/./node_modules/@supabase/phoenix/priv/static/phoenix.mjs:1441
[ 2219525ms] [ERROR] WebSocket connection to 'wss://example.supabase.co/realtime/v1/websocket?apikey=public-anon-key&vsn=2.0.0' failed: Error in connection establishment: net::ERR_NAME_NOT_RESOLVED @ webpack-internal:///(app-pages-browser)/./node_modules/@supabase/phoenix/priv/static/phoenix.mjs:1441
[ 2229753ms] [ERROR] WebSocket connection to 'wss://example.supabase.co/realtime/v1/websocket?apikey=public-anon-key&vsn=2.0.0' failed: Error in connection establishment: net::ERR_NAME_NOT_RESOLVED @ webpack-internal:///(app-pages-browser)/./node_modules/@supabase/phoenix/priv/static/phoenix.mjs:1441
[ 2240012ms] [ERROR] WebSocket connection to 'wss://example.supabase.co/realtime/v1/websocket?apikey=public-anon-key&vsn=2.0.0' failed: Error in connection establishment: net::ERR_NAME_NOT_RESOLVED @ webpack-internal:///(app-pages-browser)/./node_modules/@supabase/phoenix/priv/static/phoenix.mjs:1441
[ 2250121ms] [ERROR] WebSocket connection to 'wss://example.supabase.co/realtime/v1/websocket?apikey=public-anon-key&vsn=2.0.0' failed: Error in connection establishment: net::ERR_NAME_NOT_RESOLVED @ webpack-internal:///(app-pages-browser)/./node_modules/@supabase/phoenix/priv/static/phoenix.mjs:1441
[ 2260156ms] [ERROR] WebSocket connection to 'wss://example.supabase.co/realtime/v1/websocket?apikey=public-anon-key&vsn=2.0.0' failed: Error in connection establishment: net::ERR_NAME_NOT_RESOLVED @ webpack-internal:///(app-pages-browser)/./node_modules/@supabase/phoenix/priv/static/phoenix.mjs:1441
[ 2270865ms] [ERROR] WebSocket connection to 'wss://example.supabase.co/realtime/v1/websocket?apikey=public-anon-key&vsn=2.0.0' failed: Error in connection establishment: net::ERR_NAME_NOT_RESOLVED @ webpack-internal:///(app-pages-browser)/./node_modules/@supabase/phoenix/priv/static/phoenix.mjs:1441
[ 2280904ms] [ERROR] WebSocket connection to 'wss://example.supabase.co/realtime/v1/websocket?apikey=public-anon-key&vsn=2.0.0' failed: Error in connection establishment: net::ERR_NAME_NOT_RESOLVED @ webpack-internal:///(app-pages-browser)/./node_modules/@supabase/phoenix/priv/static/phoenix.mjs:1441
[ 2290937ms] [ERROR] WebSocket connection to 'wss://example.supabase.co/realtime/v1/websocket?apikey=public-anon-key&vsn=2.0.0' failed: Error in connection establishment: net::ERR_NAME_NOT_RESOLVED @ webpack-internal:///(app-pages-browser)/./node_modules/@supabase/phoenix/priv/static/phoenix.mjs:1441
[ 2301053ms] [ERROR] WebSocket connection to 'wss://example.supabase.co/realtime/v1/websocket?apikey=public-anon-key&vsn=2.0.0' failed: Error in connection establishment: net::ERR_NAME_NOT_RESOLVED @ webpack-internal:///(app-pages-browser)/./node_modules/@supabase/phoenix/priv/static/phoenix.mjs:1441
[ 2311312ms] [ERROR] WebSocket connection to 'wss://example.supabase.co/realtime/v1/websocket?apikey=public-anon-key&vsn=2.0.0' failed: Error in connection establishment: net::ERR_NAME_NOT_RESOLVED @ webpack-internal:///(app-pages-browser)/./node_modules/@supabase/phoenix/priv/static/phoenix.mjs:1441
[ 2321363ms] [ERROR] WebSocket connection to 'wss://example.supabase.co/realtime/v1/websocket?apikey=public-anon-key&vsn=2.0.0' failed: Error in connection establishment: net::ERR_NAME_NOT_RESOLVED @ webpack-internal:///(app-pages-browser)/./node_modules/@supabase/phoenix/priv/static/phoenix.mjs:1441
[ 2331519ms] [ERROR] WebSocket connection to 'wss://example.supabase.co/realtime/v1/websocket?apikey=public-anon-key&vsn=2.0.0' failed: Error in connection establishment: net::ERR_NAME_NOT_RESOLVED @ webpack-internal:///(app-pages-browser)/./node_modules/@supabase/phoenix/priv/static/phoenix.mjs:1441
[ 2341721ms] [ERROR] WebSocket connection to 'wss://example.supabase.co/realtime/v1/websocket?apikey=public-anon-key&vsn=2.0.0' failed: Error in connection establishment: net::ERR_NAME_NOT_RESOLVED @ webpack-internal:///(app-pages-browser)/./node_modules/@supabase/phoenix/priv/static/phoenix.mjs:1441
[ 2351924ms] [ERROR] WebSocket connection to 'wss://example.supabase.co/realtime/v1/websocket?apikey=public-anon-key&vsn=2.0.0' failed: Error in connection establishment: net::ERR_NAME_NOT_RESOLVED @ webpack-internal:///(app-pages-browser)/./node_modules/@supabase/phoenix/priv/static/phoenix.mjs:1441
[ 2362152ms] [ERROR] WebSocket connection to 'wss://example.supabase.co/realtime/v1/websocket?apikey=public-anon-key&vsn=2.0.0' failed: Error in connection establishment: net::ERR_NAME_NOT_RESOLVED @ webpack-internal:///(app-pages-browser)/./node_modules/@supabase/phoenix/priv/static/phoenix.mjs:1441
[ 2372261ms] [ERROR] WebSocket connection to 'wss://example.supabase.co/realtime/v1/websocket?apikey=public-anon-key&vsn=2.0.0' failed: Error in connection establishment: net::ERR_NAME_NOT_RESOLVED @ webpack-internal:///(app-pages-browser)/./node_modules/@supabase/phoenix/priv/static/phoenix.mjs:1441
[ 2382296ms] [ERROR] WebSocket connection to 'wss://example.supabase.co/realtime/v1/websocket?apikey=public-anon-key&vsn=2.0.0' failed: Error in connection establishment: net::ERR_NAME_NOT_RESOLVED @ webpack-internal:///(app-pages-browser)/./node_modules/@supabase/phoenix/priv/static/phoenix.mjs:1441
[ 2392407ms] [ERROR] WebSocket connection to 'wss://example.supabase.co/realtime/v1/websocket?apikey=public-anon-key&vsn=2.0.0' failed: Error in connection establishment: net::ERR_NAME_NOT_RESOLVED @ webpack-internal:///(app-pages-browser)/./node_modules/@supabase/phoenix/priv/static/phoenix.mjs:1441
[ 2402524ms] [ERROR] WebSocket connection to 'wss://example.supabase.co/realtime/v1/websocket?apikey=public-anon-key&vsn=2.0.0' failed: Error in connection establishment: net::ERR_NAME_NOT_RESOLVED @ webpack-internal:///(app-pages-browser)/./node_modules/@supabase/phoenix/priv/static/phoenix.mjs:1441
[ 2412617ms] [ERROR] WebSocket connection to 'wss://example.supabase.co/realtime/v1/websocket?apikey=public-anon-key&vsn=2.0.0' failed: Error in connection establishment: net::ERR_NAME_NOT_RESOLVED @ webpack-internal:///(app-pages-browser)/./node_modules/@supabase/phoenix/priv/static/phoenix.mjs:1441
[ 2422727ms] [ERROR] WebSocket connection to 'wss://example.supabase.co/realtime/v1/websocket?apikey=public-anon-key&vsn=2.0.0' failed: Error in connection establishment: net::ERR_NAME_NOT_RESOLVED @ webpack-internal:///(app-pages-browser)/./node_modules/@supabase/phoenix/priv/static/phoenix.mjs:1441
[ 2432859ms] [ERROR] WebSocket connection to 'wss://example.supabase.co/realtime/v1/websocket?apikey=public-anon-key&vsn=2.0.0' failed: Error in connection establishment: net::ERR_NAME_NOT_RESOLVED @ webpack-internal:///(app-pages-browser)/./node_modules/@supabase/phoenix/priv/static/phoenix.mjs:1441
[ 2442909ms] [ERROR] WebSocket connection to 'wss://example.supabase.co/realtime/v1/websocket?apikey=public-anon-key&vsn=2.0.0' failed: Error in connection establishment: net::ERR_NAME_NOT_RESOLVED @ webpack-internal:///(app-pages-browser)/./node_modules/@supabase/phoenix/priv/static/phoenix.mjs:1441
[ 2453055ms] [ERROR] WebSocket connection to 'wss://example.supabase.co/realtime/v1/websocket?apikey=public-anon-key&vsn=2.0.0' failed: Error in connection establishment: net::ERR_NAME_NOT_RESOLVED @ webpack-internal:///(app-pages-browser)/./node_modules/@supabase/phoenix/priv/static/phoenix.mjs:1441
[ 2463842ms] [ERROR] WebSocket connection to 'wss://example.supabase.co/realtime/v1/websocket?apikey=public-anon-key&vsn=2.0.0' failed: Error in connection establishment: net::ERR_NAME_NOT_RESOLVED @ webpack-internal:///(app-pages-browser)/./node_modules/@supabase/phoenix/priv/static/phoenix.mjs:1441
[ 2474120ms] [ERROR] WebSocket connection to 'wss://example.supabase.co/realtime/v1/websocket?apikey=public-anon-key&vsn=2.0.0' failed: Error in connection establishment: net::ERR_NAME_NOT_RESOLVED @ webpack-internal:///(app-pages-browser)/./node_modules/@supabase/phoenix/priv/static/phoenix.mjs:1441
[ 2484298ms] [ERROR] WebSocket connection to 'wss://example.supabase.co/realtime/v1/websocket?apikey=public-anon-key&vsn=2.0.0' failed: Error in connection establishment: net::ERR_NAME_NOT_RESOLVED @ webpack-internal:///(app-pages-browser)/./node_modules/@supabase/phoenix/priv/static/phoenix.mjs:1441
[ 2494413ms] [ERROR] WebSocket connection to 'wss://example.supabase.co/realtime/v1/websocket?apikey=public-anon-key&vsn=2.0.0' failed: Error in connection establishment: net::ERR_NAME_NOT_RESOLVED @ webpack-internal:///(app-pages-browser)/./node_modules/@supabase/phoenix/priv/static/phoenix.mjs:1441
[ 2504514ms] [ERROR] WebSocket connection to 'wss://example.supabase.co/realtime/v1/websocket?apikey=public-anon-key&vsn=2.0.0' failed: Error in connection establishment: net::ERR_NAME_NOT_RESOLVED @ webpack-internal:///(app-pages-browser)/./node_modules/@supabase/phoenix/priv/static/phoenix.mjs:1441
[ 2514761ms] [ERROR] WebSocket connection to 'wss://example.supabase.co/realtime/v1/websocket?apikey=public-anon-key&vsn=2.0.0' failed: Error in connection establishment: net::ERR_NAME_NOT_RESOLVED @ webpack-internal:///(app-pages-browser)/./node_modules/@supabase/phoenix/priv/static/phoenix.mjs:1441
[ 2524803ms] [ERROR] WebSocket connection to 'wss://example.supabase.co/realtime/v1/websocket?apikey=public-anon-key&vsn=2.0.0' failed: Error in connection establishment: net::ERR_NAME_NOT_RESOLVED @ webpack-internal:///(app-pages-browser)/./node_modules/@supabase/phoenix/priv/static/phoenix.mjs:1441
[ 2534997ms] [ERROR] WebSocket connection to 'wss://example.supabase.co/realtime/v1/websocket?apikey=public-anon-key&vsn=2.0.0' failed: Error in connection establishment: net::ERR_NAME_NOT_RESOLVED @ webpack-internal:///(app-pages-browser)/./node_modules/@supabase/phoenix/priv/static/phoenix.mjs:1441
[ 2545185ms] [ERROR] WebSocket connection to 'wss://example.supabase.co/realtime/v1/websocket?apikey=public-anon-key&vsn=2.0.0' failed: Error in connection establishment: net::ERR_NAME_NOT_RESOLVED @ webpack-internal:///(app-pages-browser)/./node_modules/@supabase/phoenix/priv/static/phoenix.mjs:1441
[ 2555369ms] [ERROR] WebSocket connection to 'wss://example.supabase.co/realtime/v1/websocket?apikey=public-anon-key&vsn=2.0.0' failed: Error in connection establishment: net::ERR_NAME_NOT_RESOLVED @ webpack-internal:///(app-pages-browser)/./node_modules/@supabase/phoenix/priv/static/phoenix.mjs:1441
[ 2565504ms] [ERROR] WebSocket connection to 'wss://example.supabase.co/realtime/v1/websocket?apikey=public-anon-key&vsn=2.0.0' failed: Error in connection establishment: net::ERR_NAME_NOT_RESOLVED @ webpack-internal:///(app-pages-browser)/./node_modules/@supabase/phoenix/priv/static/phoenix.mjs:1441
[ 2575729ms] [ERROR] WebSocket connection to 'wss://example.supabase.co/realtime/v1/websocket?apikey=public-anon-key&vsn=2.0.0' failed: Error in connection establishment: net::ERR_NAME_NOT_RESOLVED @ webpack-internal:///(app-pages-browser)/./node_modules/@supabase/phoenix/priv/static/phoenix.mjs:1441
[ 2585998ms] [ERROR] WebSocket connection to 'wss://example.supabase.co/realtime/v1/websocket?apikey=public-anon-key&vsn=2.0.0' failed: Error in connection establishment: net::ERR_NAME_NOT_RESOLVED @ webpack-internal:///(app-pages-browser)/./node_modules/@supabase/phoenix/priv/static/phoenix.mjs:1441
[ 2596632ms] [ERROR] WebSocket connection to 'wss://example.supabase.co/realtime/v1/websocket?apikey=public-anon-key&vsn=2.0.0' failed: Error in connection establishment: net::ERR_NAME_NOT_RESOLVED @ webpack-internal:///(app-pages-browser)/./node_modules/@supabase/phoenix/priv/static/phoenix.mjs:1441
[ 2606819ms] [ERROR] WebSocket connection to 'wss://example.supabase.co/realtime/v1/websocket?apikey=public-anon-key&vsn=2.0.0' failed: Error in connection establishment: net::ERR_NAME_NOT_RESOLVED @ webpack-internal:///(app-pages-browser)/./node_modules/@supabase/phoenix/priv/static/phoenix.mjs:1441
[ 2616865ms] [ERROR] WebSocket connection to 'wss://example.supabase.co/realtime/v1/websocket?apikey=public-anon-key&vsn=2.0.0' failed: Error in connection establishment: net::ERR_NAME_NOT_RESOLVED @ webpack-internal:///(app-pages-browser)/./node_modules/@supabase/phoenix/priv/static/phoenix.mjs:1441
[ 2626975ms] [ERROR] WebSocket connection to 'wss://example.supabase.co/realtime/v1/websocket?apikey=public-anon-key&vsn=2.0.0' failed: Error in connection establishment: net::ERR_NAME_NOT_RESOLVED @ webpack-internal:///(app-pages-browser)/./node_modules/@supabase/phoenix/priv/static/phoenix.mjs:1441
[ 2637149ms] [ERROR] WebSocket connection to 'wss://example.supabase.co/realtime/v1/websocket?apikey=public-anon-key&vsn=2.0.0' failed: Error in connection establishment: net::ERR_NAME_NOT_RESOLVED @ webpack-internal:///(app-pages-browser)/./node_modules/@supabase/phoenix/priv/static/phoenix.mjs:1441
[ 2647332ms] [ERROR] WebSocket connection to 'wss://example.supabase.co/realtime/v1/websocket?apikey=public-anon-key&vsn=2.0.0' failed: Error in connection establishment: net::ERR_NAME_NOT_RESOLVED @ webpack-internal:///(app-pages-browser)/./node_modules/@supabase/phoenix/priv/static/phoenix.mjs:1441
[ 2657498ms] [ERROR] WebSocket connection to 'wss://example.supabase.co/realtime/v1/websocket?apikey=public-anon-key&vsn=2.0.0' failed: Error in connection establishment: net::ERR_NAME_NOT_RESOLVED @ webpack-internal:///(app-pages-browser)/./node_modules/@supabase/phoenix/priv/static/phoenix.mjs:1441
[ 2667552ms] [ERROR] WebSocket connection to 'wss://example.supabase.co/realtime/v1/websocket?apikey=public-anon-key&vsn=2.0.0' failed: Error in connection establishment: net::ERR_NAME_NOT_RESOLVED @ webpack-internal:///(app-pages-browser)/./node_modules/@supabase/phoenix/priv/static/phoenix.mjs:1441
[ 2677777ms] [ERROR] WebSocket connection to 'wss://example.supabase.co/realtime/v1/websocket?apikey=public-anon-key&vsn=2.0.0' failed: Error in connection establishment: net::ERR_NAME_NOT_RESOLVED @ webpack-internal:///(app-pages-browser)/./node_modules/@supabase/phoenix/priv/static/phoenix.mjs:1441
[ 2687904ms] [ERROR] WebSocket connection to 'wss://example.supabase.co/realtime/v1/websocket?apikey=public-anon-key&vsn=2.0.0' failed: Error in connection establishment: net::ERR_NAME_NOT_RESOLVED @ webpack-internal:///(app-pages-browser)/./node_modules/@supabase/phoenix/priv/static/phoenix.mjs:1441
[ 2698062ms] [ERROR] WebSocket connection to 'wss://example.supabase.co/realtime/v1/websocket?apikey=public-anon-key&vsn=2.0.0' failed: Error in connection establishment: net::ERR_NAME_NOT_RESOLVED @ webpack-internal:///(app-pages-browser)/./node_modules/@supabase/phoenix/priv/static/phoenix.mjs:1441
[ 2708324ms] [ERROR] WebSocket connection to 'wss://example.supabase.co/realtime/v1/websocket?apikey=public-anon-key&vsn=2.0.0' failed: Error in connection establishment: net::ERR_NAME_NOT_RESOLVED @ webpack-internal:///(app-pages-browser)/./node_modules/@supabase/phoenix/priv/static/phoenix.mjs:1441
[ 2718639ms] [ERROR] WebSocket connection to 'wss://example.supabase.co/realtime/v1/websocket?apikey=public-anon-key&vsn=2.0.0' failed: Error in connection establishment: net::ERR_NAME_NOT_RESOLVED @ webpack-internal:///(app-pages-browser)/./node_modules/@supabase/phoenix/priv/static/phoenix.mjs:1441
[ 2728811ms] [ERROR] WebSocket connection to 'wss://example.supabase.co/realtime/v1/websocket?apikey=public-anon-key&vsn=2.0.0' failed: Error in connection establishment: net::ERR_NAME_NOT_RESOLVED @ webpack-internal:///(app-pages-browser)/./node_modules/@supabase/phoenix/priv/static/phoenix.mjs:1441
[ 2738982ms] [ERROR] WebSocket connection to 'wss://example.supabase.co/realtime/v1/websocket?apikey=public-anon-key&vsn=2.0.0' failed: Error in connection establishment: net::ERR_NAME_NOT_RESOLVED @ webpack-internal:///(app-pages-browser)/./node_modules/@supabase/phoenix/priv/static/phoenix.mjs:1441
[ 2749093ms] [ERROR] WebSocket connection to 'wss://example.supabase.co/realtime/v1/websocket?apikey=public-anon-key&vsn=2.0.0' failed: Error in connection establishment: net::ERR_NAME_NOT_RESOLVED @ webpack-internal:///(app-pages-browser)/./node_modules/@supabase/phoenix/priv/static/phoenix.mjs:1441
[ 2759272ms] [ERROR] WebSocket connection to 'wss://example.supabase.co/realtime/v1/websocket?apikey=public-anon-key&vsn=2.0.0' failed: Error in connection establishment: net::ERR_NAME_NOT_RESOLVED @ webpack-internal:///(app-pages-browser)/./node_modules/@supabase/phoenix/priv/static/phoenix.mjs:1441
[ 2769444ms] [ERROR] WebSocket connection to 'wss://example.supabase.co/realtime/v1/websocket?apikey=public-anon-key&vsn=2.0.0' failed: Error in connection establishment: net::ERR_NAME_NOT_RESOLVED @ webpack-internal:///(app-pages-browser)/./node_modules/@supabase/phoenix/priv/static/phoenix.mjs:1441
[ 2779562ms] [ERROR] WebSocket connection to 'wss://example.supabase.co/realtime/v1/websocket?apikey=public-anon-key&vsn=2.0.0' failed: Error in connection establishment: net::ERR_NAME_NOT_RESOLVED @ webpack-internal:///(app-pages-browser)/./node_modules/@supabase/phoenix/priv/static/phoenix.mjs:1441
[ 2789737ms] [ERROR] WebSocket connection to 'wss://example.supabase.co/realtime/v1/websocket?apikey=public-anon-key&vsn=2.0.0' failed: Error in connection establishment: net::ERR_NAME_NOT_RESOLVED @ webpack-internal:///(app-pages-browser)/./node_modules/@supabase/phoenix/priv/static/phoenix.mjs:1441
[ 2799870ms] [ERROR] WebSocket connection to 'wss://example.supabase.co/realtime/v1/websocket?apikey=public-anon-key&vsn=2.0.0' failed: Error in connection establishment: net::ERR_NAME_NOT_RESOLVED @ webpack-internal:///(app-pages-browser)/./node_modules/@supabase/phoenix/priv/static/phoenix.mjs:1441
[ 2810079ms] [ERROR] WebSocket connection to 'wss://example.supabase.co/realtime/v1/websocket?apikey=public-anon-key&vsn=2.0.0' failed: Error in connection establishment: net::ERR_NAME_NOT_RESOLVED @ webpack-internal:///(app-pages-browser)/./node_modules/@supabase/phoenix/priv/static/phoenix.mjs:1441
[ 2820271ms] [ERROR] WebSocket connection to 'wss://example.supabase.co/realtime/v1/websocket?apikey=public-anon-key&vsn=2.0.0' failed: Error in connection establishment: net::ERR_NAME_NOT_RESOLVED @ webpack-internal:///(app-pages-browser)/./node_modules/@supabase/phoenix/priv/static/phoenix.mjs:1441
[ 2830566ms] [ERROR] WebSocket connection to 'wss://example.supabase.co/realtime/v1/websocket?apikey=public-anon-key&vsn=2.0.0' failed: Error in connection establishment: net::ERR_NAME_NOT_RESOLVED @ webpack-internal:///(app-pages-browser)/./node_modules/@supabase/phoenix/priv/static/phoenix.mjs:1441
[ 2840999ms] [ERROR] WebSocket connection to 'wss://example.supabase.co/realtime/v1/websocket?apikey=public-anon-key&vsn=2.0.0' failed: Error in connection establishment: net::ERR_NAME_NOT_RESOLVED @ webpack-internal:///(app-pages-browser)/./node_modules/@supabase/phoenix/priv/static/phoenix.mjs:1441
[ 2851105ms] [ERROR] WebSocket connection to 'wss://example.supabase.co/realtime/v1/websocket?apikey=public-anon-key&vsn=2.0.0' failed: Error in connection establishment: net::ERR_NAME_NOT_RESOLVED @ webpack-internal:///(app-pages-browser)/./node_modules/@supabase/phoenix/priv/static/phoenix.mjs:1441
[ 2861207ms] [ERROR] WebSocket connection to 'wss://example.supabase.co/realtime/v1/websocket?apikey=public-anon-key&vsn=2.0.0' failed: Error in connection establishment: net::ERR_NAME_NOT_RESOLVED @ webpack-internal:///(app-pages-browser)/./node_modules/@supabase/phoenix/priv/static/phoenix.mjs:1441
[ 2871387ms] [ERROR] WebSocket connection to 'wss://example.supabase.co/realtime/v1/websocket?apikey=public-anon-key&vsn=2.0.0' failed: Error in connection establishment: net::ERR_NAME_NOT_RESOLVED @ webpack-internal:///(app-pages-browser)/./node_modules/@supabase/phoenix/priv/static/phoenix.mjs:1441
[ 2881545ms] [ERROR] WebSocket connection to 'wss://example.supabase.co/realtime/v1/websocket?apikey=public-anon-key&vsn=2.0.0' failed: Error in connection establishment: net::ERR_NAME_NOT_RESOLVED @ webpack-internal:///(app-pages-browser)/./node_modules/@supabase/phoenix/priv/static/phoenix.mjs:1441
[ 2891663ms] [ERROR] WebSocket connection to 'wss://example.supabase.co/realtime/v1/websocket?apikey=public-anon-key&vsn=2.0.0' failed: Error in connection establishment: net::ERR_NAME_NOT_RESOLVED @ webpack-internal:///(app-pages-browser)/./node_modules/@supabase/phoenix/priv/static/phoenix.mjs:1441
[ 2901846ms] [ERROR] WebSocket connection to 'wss://example.supabase.co/realtime/v1/websocket?apikey=public-anon-key&vsn=2.0.0' failed: Error in connection establishment: net::ERR_NAME_NOT_RESOLVED @ webpack-internal:///(app-pages-browser)/./node_modules/@supabase/phoenix/priv/static/phoenix.mjs:1441
[ 2912023ms] [ERROR] WebSocket connection to 'wss://example.supabase.co/realtime/v1/websocket?apikey=public-anon-key&vsn=2.0.0' failed: Error in connection establishment: net::ERR_NAME_NOT_RESOLVED @ webpack-internal:///(app-pages-browser)/./node_modules/@supabase/phoenix/priv/static/phoenix.mjs:1441
[ 2922171ms] [ERROR] WebSocket connection to 'wss://example.supabase.co/realtime/v1/websocket?apikey=public-anon-key&vsn=2.0.0' failed: Error in connection establishment: net::ERR_NAME_NOT_RESOLVED @ webpack-internal:///(app-pages-browser)/./node_modules/@supabase/phoenix/priv/static/phoenix.mjs:1441
[ 2932359ms] [ERROR] WebSocket connection to 'wss://example.supabase.co/realtime/v1/websocket?apikey=public-anon-key&vsn=2.0.0' failed: Error in connection establishment: net::ERR_NAME_NOT_RESOLVED @ webpack-internal:///(app-pages-browser)/./node_modules/@supabase/phoenix/priv/static/phoenix.mjs:1441
[ 2942610ms] [ERROR] WebSocket connection to 'wss://example.supabase.co/realtime/v1/websocket?apikey=public-anon-key&vsn=2.0.0' failed: Error in connection establishment: net::ERR_NAME_NOT_RESOLVED @ webpack-internal:///(app-pages-browser)/./node_modules/@supabase/phoenix/priv/static/phoenix.mjs:1441
[ 2952847ms] [ERROR] WebSocket connection to 'wss://example.supabase.co/realtime/v1/websocket?apikey=public-anon-key&vsn=2.0.0' failed: Error in connection establishment: net::ERR_NAME_NOT_RESOLVED @ webpack-internal:///(app-pages-browser)/./node_modules/@supabase/phoenix/priv/static/phoenix.mjs:1441
[ 2963297ms] [ERROR] WebSocket connection to 'wss://example.supabase.co/realtime/v1/websocket?apikey=public-anon-key&vsn=2.0.0' failed: Error in connection establishment: net::ERR_NAME_NOT_RESOLVED @ webpack-internal:///(app-pages-browser)/./node_modules/@supabase/phoenix/priv/static/phoenix.mjs:1441
[ 2973394ms] [ERROR] WebSocket connection to 'wss://example.supabase.co/realtime/v1/websocket?apikey=public-anon-key&vsn=2.0.0' failed: Error in connection establishment: net::ERR_NAME_NOT_RESOLVED @ webpack-internal:///(app-pages-browser)/./node_modules/@supabase/phoenix/priv/static/phoenix.mjs:1441
[ 2983505ms] [ERROR] WebSocket connection to 'wss://example.supabase.co/realtime/v1/websocket?apikey=public-anon-key&vsn=2.0.0' failed: Error in connection establishment: net::ERR_NAME_NOT_RESOLVED @ webpack-internal:///(app-pages-browser)/./node_modules/@supabase/phoenix/priv/static/phoenix.mjs:1441
[ 2993688ms] [ERROR] WebSocket connection to 'wss://example.supabase.co/realtime/v1/websocket?apikey=public-anon-key&vsn=2.0.0' failed: Error in connection establishment: net::ERR_NAME_NOT_RESOLVED @ webpack-internal:///(app-pages-browser)/./node_modules/@supabase/phoenix/priv/static/phoenix.mjs:1441
[ 3003859ms] [ERROR] WebSocket connection to 'wss://example.supabase.co/realtime/v1/websocket?apikey=public-anon-key&vsn=2.0.0' failed: Error in connection establishment: net::ERR_NAME_NOT_RESOLVED @ webpack-internal:///(app-pages-browser)/./node_modules/@supabase/phoenix/priv/static/phoenix.mjs:1441
[ 3013910ms] [ERROR] WebSocket connection to 'wss://example.supabase.co/realtime/v1/websocket?apikey=public-anon-key&vsn=2.0.0' failed: Error in connection establishment: net::ERR_NAME_NOT_RESOLVED @ webpack-internal:///(app-pages-browser)/./node_modules/@supabase/phoenix/priv/static/phoenix.mjs:1441
[ 3024093ms] [ERROR] WebSocket connection to 'wss://example.supabase.co/realtime/v1/websocket?apikey=public-anon-key&vsn=2.0.0' failed: Error in connection establishment: net::ERR_NAME_NOT_RESOLVED @ webpack-internal:///(app-pages-browser)/./node_modules/@supabase/phoenix/priv/static/phoenix.mjs:1441
[ 3034262ms] [ERROR] WebSocket connection to 'wss://example.supabase.co/realtime/v1/websocket?apikey=public-anon-key&vsn=2.0.0' failed: Error in connection establishment: net::ERR_NAME_NOT_RESOLVED @ webpack-internal:///(app-pages-browser)/./node_modules/@supabase/phoenix/priv/static/phoenix.mjs:1441
[ 3044390ms] [ERROR] WebSocket connection to 'wss://example.supabase.co/realtime/v1/websocket?apikey=public-anon-key&vsn=2.0.0' failed: Error in connection establishment: net::ERR_NAME_NOT_RESOLVED @ webpack-internal:///(app-pages-browser)/./node_modules/@supabase/phoenix/priv/static/phoenix.mjs:1441
[ 3054602ms] [ERROR] WebSocket connection to 'wss://example.supabase.co/realtime/v1/websocket?apikey=public-anon-key&vsn=2.0.0' failed: Error in connection establishment: net::ERR_NAME_NOT_RESOLVED @ webpack-internal:///(app-pages-browser)/./node_modules/@supabase/phoenix/priv/static/phoenix.mjs:1441
[ 3064818ms] [ERROR] WebSocket connection to 'wss://example.supabase.co/realtime/v1/websocket?apikey=public-anon-key&vsn=2.0.0' failed: Error in connection establishment: net::ERR_NAME_NOT_RESOLVED @ webpack-internal:///(app-pages-browser)/./node_modules/@supabase/phoenix/priv/static/phoenix.mjs:1441
[ 3075058ms] [ERROR] WebSocket connection to 'wss://example.supabase.co/realtime/v1/websocket?apikey=public-anon-key&vsn=2.0.0' failed: Error in connection establishment: net::ERR_NAME_NOT_RESOLVED @ webpack-internal:///(app-pages-browser)/./node_modules/@supabase/phoenix/priv/static/phoenix.mjs:1441
[ 3085485ms] [ERROR] WebSocket connection to 'wss://example.supabase.co/realtime/v1/websocket?apikey=public-anon-key&vsn=2.0.0' failed: Error in connection establishment: net::ERR_NAME_NOT_RESOLVED @ webpack-internal:///(app-pages-browser)/./node_modules/@supabase/phoenix/priv/static/phoenix.mjs:1441
[ 3095649ms] [ERROR] WebSocket connection to 'wss://example.supabase.co/realtime/v1/websocket?apikey=public-anon-key&vsn=2.0.0' failed: Error in connection establishment: net::ERR_NAME_NOT_RESOLVED @ webpack-internal:///(app-pages-browser)/./node_modules/@supabase/phoenix/priv/static/phoenix.mjs:1441
[ 3105823ms] [ERROR] WebSocket connection to 'wss://example.supabase.co/realtime/v1/websocket?apikey=public-anon-key&vsn=2.0.0' failed: Error in connection establishment: net::ERR_NAME_NOT_RESOLVED @ webpack-internal:///(app-pages-browser)/./node_modules/@supabase/phoenix/priv/static/phoenix.mjs:1441
[ 3115993ms] [ERROR] WebSocket connection to 'wss://example.supabase.co/realtime/v1/websocket?apikey=public-anon-key&vsn=2.0.0' failed: Error in connection establishment: net::ERR_NAME_NOT_RESOLVED @ webpack-internal:///(app-pages-browser)/./node_modules/@supabase/phoenix/priv/static/phoenix.mjs:1441
[ 3126109ms] [ERROR] WebSocket connection to 'wss://example.supabase.co/realtime/v1/websocket?apikey=public-anon-key&vsn=2.0.0' failed: Error in connection establishment: net::ERR_NAME_NOT_RESOLVED @ webpack-internal:///(app-pages-browser)/./node_modules/@supabase/phoenix/priv/static/phoenix.mjs:1441
[ 3136218ms] [ERROR] WebSocket connection to 'wss://example.supabase.co/realtime/v1/websocket?apikey=public-anon-key&vsn=2.0.0' failed: Error in connection establishment: net::ERR_NAME_NOT_RESOLVED @ webpack-internal:///(app-pages-browser)/./node_modules/@supabase/phoenix/priv/static/phoenix.mjs:1441
[ 3146390ms] [ERROR] WebSocket connection to 'wss://example.supabase.co/realtime/v1/websocket?apikey=public-anon-key&vsn=2.0.0' failed: Error in connection establishment: net::ERR_NAME_NOT_RESOLVED @ webpack-internal:///(app-pages-browser)/./node_modules/@supabase/phoenix/priv/static/phoenix.mjs:1441
[ 3156507ms] [ERROR] WebSocket connection to 'wss://example.supabase.co/realtime/v1/websocket?apikey=public-anon-key&vsn=2.0.0' failed: Error in connection establishment: net::ERR_NAME_NOT_RESOLVED @ webpack-internal:///(app-pages-browser)/./node_modules/@supabase/phoenix/priv/static/phoenix.mjs:1441
[ 3166808ms] [ERROR] WebSocket connection to 'wss://example.supabase.co/realtime/v1/websocket?apikey=public-anon-key&vsn=2.0.0' failed: Error in connection establishment: net::ERR_NAME_NOT_RESOLVED @ webpack-internal:///(app-pages-browser)/./node_modules/@supabase/phoenix/priv/static/phoenix.mjs:1441
[ 3177008ms] [ERROR] WebSocket connection to 'wss://example.supabase.co/realtime/v1/websocket?apikey=public-anon-key&vsn=2.0.0' failed: Error in connection establishment: net::ERR_NAME_NOT_RESOLVED @ webpack-internal:///(app-pages-browser)/./node_modules/@supabase/phoenix/priv/static/phoenix.mjs:1441
[ 3187177ms] [ERROR] WebSocket connection to 'wss://example.supabase.co/realtime/v1/websocket?apikey=public-anon-key&vsn=2.0.0' failed: Error in connection establishment: net::ERR_NAME_NOT_RESOLVED @ webpack-internal:///(app-pages-browser)/./node_modules/@supabase/phoenix/priv/static/phoenix.mjs:1441
[ 3197461ms] [ERROR] WebSocket connection to 'wss://example.supabase.co/realtime/v1/websocket?apikey=public-anon-key&vsn=2.0.0' failed: Error in connection establishment: net::ERR_NAME_NOT_RESOLVED @ webpack-internal:///(app-pages-browser)/./node_modules/@supabase/phoenix/priv/static/phoenix.mjs:1441
[ 3207953ms] [ERROR] WebSocket connection to 'wss://example.supabase.co/realtime/v1/websocket?apikey=public-anon-key&vsn=2.0.0' failed: Error in connection establishment: net::ERR_NAME_NOT_RESOLVED @ webpack-internal:///(app-pages-browser)/./node_modules/@supabase/phoenix/priv/static/phoenix.mjs:1441
[ 3218124ms] [ERROR] WebSocket connection to 'wss://example.supabase.co/realtime/v1/websocket?apikey=public-anon-key&vsn=2.0.0' failed: Error in connection establishment: net::ERR_NAME_NOT_RESOLVED @ webpack-internal:///(app-pages-browser)/./node_modules/@supabase/phoenix/priv/static/phoenix.mjs:1441
[ 3228231ms] [ERROR] WebSocket connection to 'wss://example.supabase.co/realtime/v1/websocket?apikey=public-anon-key&vsn=2.0.0' failed: Error in connection establishment: net::ERR_NAME_NOT_RESOLVED @ webpack-internal:///(app-pages-browser)/./node_modules/@supabase/phoenix/priv/static/phoenix.mjs:1441
[ 3238414ms] [ERROR] WebSocket connection to 'wss://example.supabase.co/realtime/v1/websocket?apikey=public-anon-key&vsn=2.0.0' failed: Error in connection establishment: net::ERR_NAME_NOT_RESOLVED @ webpack-internal:///(app-pages-browser)/./node_modules/@supabase/phoenix/priv/static/phoenix.mjs:1441
[ 3248698ms] [ERROR] WebSocket connection to 'wss://example.supabase.co/realtime/v1/websocket?apikey=public-anon-key&vsn=2.0.0' failed: Error in connection establishment: net::ERR_NAME_NOT_RESOLVED @ webpack-internal:///(app-pages-browser)/./node_modules/@supabase/phoenix/priv/static/phoenix.mjs:1441
[ 3258812ms] [ERROR] WebSocket connection to 'wss://example.supabase.co/realtime/v1/websocket?apikey=public-anon-key&vsn=2.0.0' failed: Error in connection establishment: net::ERR_NAME_NOT_RESOLVED @ webpack-internal:///(app-pages-browser)/./node_modules/@supabase/phoenix/priv/static/phoenix.mjs:1441
[ 3268998ms] [ERROR] WebSocket connection to 'wss://example.supabase.co/realtime/v1/websocket?apikey=public-anon-key&vsn=2.0.0' failed: Error in connection establishment: net::ERR_NAME_NOT_RESOLVED @ webpack-internal:///(app-pages-browser)/./node_modules/@supabase/phoenix/priv/static/phoenix.mjs:1441
[ 3279063ms] [ERROR] WebSocket connection to 'wss://example.supabase.co/realtime/v1/websocket?apikey=public-anon-key&vsn=2.0.0' failed: Error in connection establishment: net::ERR_NAME_NOT_RESOLVED @ webpack-internal:///(app-pages-browser)/./node_modules/@supabase/phoenix/priv/static/phoenix.mjs:1441
[ 3289195ms] [ERROR] WebSocket connection to 'wss://example.supabase.co/realtime/v1/websocket?apikey=public-anon-key&vsn=2.0.0' failed: Error in connection establishment: net::ERR_NAME_NOT_RESOLVED @ webpack-internal:///(app-pages-browser)/./node_modules/@supabase/phoenix/priv/static/phoenix.mjs:1441
[ 3299438ms] [ERROR] WebSocket connection to 'wss://example.supabase.co/realtime/v1/websocket?apikey=public-anon-key&vsn=2.0.0' failed: Error in connection establishment: net::ERR_NAME_NOT_RESOLVED @ webpack-internal:///(app-pages-browser)/./node_modules/@supabase/phoenix/priv/static/phoenix.mjs:1441
[ 3309669ms] [ERROR] WebSocket connection to 'wss://example.supabase.co/realtime/v1/websocket?apikey=public-anon-key&vsn=2.0.0' failed: Error in connection establishment: net::ERR_NAME_NOT_RESOLVED @ webpack-internal:///(app-pages-browser)/./node_modules/@supabase/phoenix/priv/static/phoenix.mjs:1441
[ 3319939ms] [ERROR] WebSocket connection to 'wss://example.supabase.co/realtime/v1/websocket?apikey=public-anon-key&vsn=2.0.0' failed: Error in connection establishment: net::ERR_NAME_NOT_RESOLVED @ webpack-internal:///(app-pages-browser)/./node_modules/@supabase/phoenix/priv/static/phoenix.mjs:1441
[ 3330461ms] [ERROR] WebSocket connection to 'wss://example.supabase.co/realtime/v1/websocket?apikey=public-anon-key&vsn=2.0.0' failed: Error in connection establishment: net::ERR_NAME_NOT_RESOLVED @ webpack-internal:///(app-pages-browser)/./node_modules/@supabase/phoenix/priv/static/phoenix.mjs:1441
[ 3340617ms] [ERROR] WebSocket connection to 'wss://example.supabase.co/realtime/v1/websocket?apikey=public-anon-key&vsn=2.0.0' failed: Error in connection establishment: net::ERR_NAME_NOT_RESOLVED @ webpack-internal:///(app-pages-browser)/./node_modules/@supabase/phoenix/priv/static/phoenix.mjs:1441
[ 3350662ms] [ERROR] WebSocket connection to 'wss://example.supabase.co/realtime/v1/websocket?apikey=public-anon-key&vsn=2.0.0' failed: Error in connection establishment: net::ERR_NAME_NOT_RESOLVED @ webpack-internal:///(app-pages-browser)/./node_modules/@supabase/phoenix/priv/static/phoenix.mjs:1441
[ 3360831ms] [ERROR] WebSocket connection to 'wss://example.supabase.co/realtime/v1/websocket?apikey=public-anon-key&vsn=2.0.0' failed: Error in connection establishment: net::ERR_NAME_NOT_RESOLVED @ webpack-internal:///(app-pages-browser)/./node_modules/@supabase/phoenix/priv/static/phoenix.mjs:1441
[ 3370939ms] [ERROR] WebSocket connection to 'wss://example.supabase.co/realtime/v1/websocket?apikey=public-anon-key&vsn=2.0.0' failed: Error in connection establishment: net::ERR_NAME_NOT_RESOLVED @ webpack-internal:///(app-pages-browser)/./node_modules/@supabase/phoenix/priv/static/phoenix.mjs:1441
[ 3381056ms] [ERROR] WebSocket connection to 'wss://example.supabase.co/realtime/v1/websocket?apikey=public-anon-key&vsn=2.0.0' failed: Error in connection establishment: net::ERR_NAME_NOT_RESOLVED @ webpack-internal:///(app-pages-browser)/./node_modules/@supabase/phoenix/priv/static/phoenix.mjs:1441
[ 3391240ms] [ERROR] WebSocket connection to 'wss://example.supabase.co/realtime/v1/websocket?apikey=public-anon-key&vsn=2.0.0' failed: Error in connection establishment: net::ERR_NAME_NOT_RESOLVED @ webpack-internal:///(app-pages-browser)/./node_modules/@supabase/phoenix/priv/static/phoenix.mjs:1441
[ 3401398ms] [ERROR] WebSocket connection to 'wss://example.supabase.co/realtime/v1/websocket?apikey=public-anon-key&vsn=2.0.0' failed: Error in connection establishment: net::ERR_NAME_NOT_RESOLVED @ webpack-internal:///(app-pages-browser)/./node_modules/@supabase/phoenix/priv/static/phoenix.mjs:1441
[ 3411469ms] [ERROR] WebSocket connection to 'wss://example.supabase.co/realtime/v1/websocket?apikey=public-anon-key&vsn=2.0.0' failed: Error in connection establishment: net::ERR_NAME_NOT_RESOLVED @ webpack-internal:///(app-pages-browser)/./node_modules/@supabase/phoenix/priv/static/phoenix.mjs:1441
[ 3421670ms] [ERROR] WebSocket connection to 'wss://example.supabase.co/realtime/v1/websocket?apikey=public-anon-key&vsn=2.0.0' failed: Error in connection establishment: net::ERR_NAME_NOT_RESOLVED @ webpack-internal:///(app-pages-browser)/./node_modules/@supabase/phoenix/priv/static/phoenix.mjs:1441
[ 3431858ms] [ERROR] WebSocket connection to 'wss://example.supabase.co/realtime/v1/websocket?apikey=public-anon-key&vsn=2.0.0' failed: Error in connection establishment: net::ERR_NAME_NOT_RESOLVED @ webpack-internal:///(app-pages-browser)/./node_modules/@supabase/phoenix/priv/static/phoenix.mjs:1441
[ 3442135ms] [ERROR] WebSocket connection to 'wss://example.supabase.co/realtime/v1/websocket?apikey=public-anon-key&vsn=2.0.0' failed: Error in connection establishment: net::ERR_NAME_NOT_RESOLVED @ webpack-internal:///(app-pages-browser)/./node_modules/@supabase/phoenix/priv/static/phoenix.mjs:1441
[ 3452479ms] [ERROR] WebSocket connection to 'wss://example.supabase.co/realtime/v1/websocket?apikey=public-anon-key&vsn=2.0.0' failed: Error in connection establishment: net::ERR_NAME_NOT_RESOLVED @ webpack-internal:///(app-pages-browser)/./node_modules/@supabase/phoenix/priv/static/phoenix.mjs:1441
[ 3462651ms] [ERROR] WebSocket connection to 'wss://example.supabase.co/realtime/v1/websocket?apikey=public-anon-key&vsn=2.0.0' failed: Error in connection establishment: net::ERR_NAME_NOT_RESOLVED @ webpack-internal:///(app-pages-browser)/./node_modules/@supabase/phoenix/priv/static/phoenix.mjs:1441
[ 3472824ms] [ERROR] WebSocket connection to 'wss://example.supabase.co/realtime/v1/websocket?apikey=public-anon-key&vsn=2.0.0' failed: Error in connection establishment: net::ERR_NAME_NOT_RESOLVED @ webpack-internal:///(app-pages-browser)/./node_modules/@supabase/phoenix/priv/static/phoenix.mjs:1441
[ 3482946ms] [ERROR] WebSocket connection to 'wss://example.supabase.co/realtime/v1/websocket?apikey=public-anon-key&vsn=2.0.0' failed: Error in connection establishment: net::ERR_NAME_NOT_RESOLVED @ webpack-internal:///(app-pages-browser)/./node_modules/@supabase/phoenix/priv/static/phoenix.mjs:1441
[ 3493405ms] [ERROR] WebSocket connection to 'wss://example.supabase.co/realtime/v1/websocket?apikey=public-anon-key&vsn=2.0.0' failed: Error in connection establishment: net::ERR_NAME_NOT_RESOLVED @ webpack-internal:///(app-pages-browser)/./node_modules/@supabase/phoenix/priv/static/phoenix.mjs:1441
[ 3503493ms] [ERROR] WebSocket connection to 'wss://example.supabase.co/realtime/v1/websocket?apikey=public-anon-key&vsn=2.0.0' failed: Error in connection establishment: net::ERR_NAME_NOT_RESOLVED @ webpack-internal:///(app-pages-browser)/./node_modules/@supabase/phoenix/priv/static/phoenix.mjs:1441
[ 3513679ms] [ERROR] WebSocket connection to 'wss://example.supabase.co/realtime/v1/websocket?apikey=public-anon-key&vsn=2.0.0' failed: Error in connection establishment: net::ERR_NAME_NOT_RESOLVED @ webpack-internal:///(app-pages-browser)/./node_modules/@supabase/phoenix/priv/static/phoenix.mjs:1441
[ 3523882ms] [ERROR] WebSocket connection to 'wss://example.supabase.co/realtime/v1/websocket?apikey=public-anon-key&vsn=2.0.0' failed: Error in connection establishment: net::ERR_NAME_NOT_RESOLVED @ webpack-internal:///(app-pages-browser)/./node_modules/@supabase/phoenix/priv/static/phoenix.mjs:1441
[ 3534025ms] [ERROR] WebSocket connection to 'wss://example.supabase.co/realtime/v1/websocket?apikey=public-anon-key&vsn=2.0.0' failed: Error in connection establishment: net::ERR_NAME_NOT_RESOLVED @ webpack-internal:///(app-pages-browser)/./node_modules/@supabase/phoenix/priv/static/phoenix.mjs:1441
[ 3544214ms] [ERROR] WebSocket connection to 'wss://example.supabase.co/realtime/v1/websocket?apikey=public-anon-key&vsn=2.0.0' failed: Error in connection establishment: net::ERR_NAME_NOT_RESOLVED @ webpack-internal:///(app-pages-browser)/./node_modules/@supabase/phoenix/priv/static/phoenix.mjs:1441
[ 3554444ms] [ERROR] WebSocket connection to 'wss://example.supabase.co/realtime/v1/websocket?apikey=public-anon-key&vsn=2.0.0' failed: Error in connection establishment: net::ERR_NAME_NOT_RESOLVED @ webpack-internal:///(app-pages-browser)/./node_modules/@supabase/phoenix/priv/static/phoenix.mjs:1441
[ 3564669ms] [ERROR] WebSocket connection to 'wss://example.supabase.co/realtime/v1/websocket?apikey=public-anon-key&vsn=2.0.0' failed: Error in connection establishment: net::ERR_NAME_NOT_RESOLVED @ webpack-internal:///(app-pages-browser)/./node_modules/@supabase/phoenix/priv/static/phoenix.mjs:1441
[ 3575002ms] [ERROR] WebSocket connection to 'wss://example.supabase.co/realtime/v1/websocket?apikey=public-anon-key&vsn=2.0.0' failed: Error in connection establishment: net::ERR_NAME_NOT_RESOLVED @ webpack-internal:///(app-pages-browser)/./node_modules/@supabase/phoenix/priv/static/phoenix.mjs:1441
[ 3585174ms] [ERROR] WebSocket connection to 'wss://example.supabase.co/realtime/v1/websocket?apikey=public-anon-key&vsn=2.0.0' failed: Error in connection establishment: net::ERR_NAME_NOT_RESOLVED @ webpack-internal:///(app-pages-browser)/./node_modules/@supabase/phoenix/priv/static/phoenix.mjs:1441
[ 3595335ms] [ERROR] WebSocket connection to 'wss://example.supabase.co/realtime/v1/websocket?apikey=public-anon-key&vsn=2.0.0' failed: Error in connection establishment: net::ERR_NAME_NOT_RESOLVED @ webpack-internal:///(app-pages-browser)/./node_modules/@supabase/phoenix/priv/static/phoenix.mjs:1441
[ 3605451ms] [ERROR] WebSocket connection to 'wss://example.supabase.co/realtime/v1/websocket?apikey=public-anon-key&vsn=2.0.0' failed: Error in connection establishment: net::ERR_NAME_NOT_RESOLVED @ webpack-internal:///(app-pages-browser)/./node_modules/@supabase/phoenix/priv/static/phoenix.mjs:1441
[ 3615634ms] [ERROR] WebSocket connection to 'wss://example.supabase.co/realtime/v1/websocket?apikey=public-anon-key&vsn=2.0.0' failed: Error in connection establishment: net::ERR_NAME_NOT_RESOLVED @ webpack-internal:///(app-pages-browser)/./node_modules/@supabase/phoenix/priv/static/phoenix.mjs:1441
[ 3625803ms] [ERROR] WebSocket connection to 'wss://example.supabase.co/realtime/v1/websocket?apikey=public-anon-key&vsn=2.0.0' failed: Error in connection establishment: net::ERR_NAME_NOT_RESOLVED @ webpack-internal:///(app-pages-browser)/./node_modules/@supabase/phoenix/priv/static/phoenix.mjs:1441
[ 3635967ms] [ERROR] WebSocket connection to 'wss://example.supabase.co/realtime/v1/websocket?apikey=public-anon-key&vsn=2.0.0' failed: Error in connection establishment: net::ERR_NAME_NOT_RESOLVED @ webpack-internal:///(app-pages-browser)/./node_modules/@supabase/phoenix/priv/static/phoenix.mjs:1441
[ 3646149ms] [ERROR] WebSocket connection to 'wss://example.supabase.co/realtime/v1/websocket?apikey=public-anon-key&vsn=2.0.0' failed: Error in connection establishment: net::ERR_NAME_NOT_RESOLVED @ webpack-internal:///(app-pages-browser)/./node_modules/@supabase/phoenix/priv/static/phoenix.mjs:1441
[ 3656280ms] [ERROR] WebSocket connection to 'wss://example.supabase.co/realtime/v1/websocket?apikey=public-anon-key&vsn=2.0.0' failed: Error in connection establishment: net::ERR_NAME_NOT_RESOLVED @ webpack-internal:///(app-pages-browser)/./node_modules/@supabase/phoenix/priv/static/phoenix.mjs:1441
[ 3666426ms] [ERROR] WebSocket connection to 'wss://example.supabase.co/realtime/v1/websocket?apikey=public-anon-key&vsn=2.0.0' failed: Error in connection establishment: net::ERR_NAME_NOT_RESOLVED @ webpack-internal:///(app-pages-browser)/./node_modules/@supabase/phoenix/priv/static/phoenix.mjs:1441
[ 3676677ms] [ERROR] WebSocket connection to 'wss://example.supabase.co/realtime/v1/websocket?apikey=public-anon-key&vsn=2.0.0' failed: Error in connection establishment: net::ERR_NAME_NOT_RESOLVED @ webpack-internal:///(app-pages-browser)/./node_modules/@supabase/phoenix/priv/static/phoenix.mjs:1441
[ 3686912ms] [ERROR] WebSocket connection to 'wss://example.supabase.co/realtime/v1/websocket?apikey=public-anon-key&vsn=2.0.0' failed: Error in connection establishment: net::ERR_NAME_NOT_RESOLVED @ webpack-internal:///(app-pages-browser)/./node_modules/@supabase/phoenix/priv/static/phoenix.mjs:1441
[ 3697399ms] [ERROR] WebSocket connection to 'wss://example.supabase.co/realtime/v1/websocket?apikey=public-anon-key&vsn=2.0.0' failed: Error in connection establishment: net::ERR_NAME_NOT_RESOLVED @ webpack-internal:///(app-pages-browser)/./node_modules/@supabase/phoenix/priv/static/phoenix.mjs:1441
[ 3707500ms] [ERROR] WebSocket connection to 'wss://example.supabase.co/realtime/v1/websocket?apikey=public-anon-key&vsn=2.0.0' failed: Error in connection establishment: net::ERR_NAME_NOT_RESOLVED @ webpack-internal:///(app-pages-browser)/./node_modules/@supabase/phoenix/priv/static/phoenix.mjs:1441
[ 3717674ms] [ERROR] WebSocket connection to 'wss://example.supabase.co/realtime/v1/websocket?apikey=public-anon-key&vsn=2.0.0' failed: Error in connection establishment: net::ERR_NAME_NOT_RESOLVED @ webpack-internal:///(app-pages-browser)/./node_modules/@supabase/phoenix/priv/static/phoenix.mjs:1441
[ 3727834ms] [ERROR] WebSocket connection to 'wss://example.supabase.co/realtime/v1/websocket?apikey=public-anon-key&vsn=2.0.0' failed: Error in connection establishment: net::ERR_NAME_NOT_RESOLVED @ webpack-internal:///(app-pages-browser)/./node_modules/@supabase/phoenix/priv/static/phoenix.mjs:1441
[ 3738097ms] [ERROR] WebSocket connection to 'wss://example.supabase.co/realtime/v1/websocket?apikey=public-anon-key&vsn=2.0.0' failed: Error in connection establishment: net::ERR_NAME_NOT_RESOLVED @ webpack-internal:///(app-pages-browser)/./node_modules/@supabase/phoenix/priv/static/phoenix.mjs:1441
[ 3748273ms] [ERROR] WebSocket connection to 'wss://example.supabase.co/realtime/v1/websocket?apikey=public-anon-key&vsn=2.0.0' failed: Error in connection establishment: net::ERR_NAME_NOT_RESOLVED @ webpack-internal:///(app-pages-browser)/./node_modules/@supabase/phoenix/priv/static/phoenix.mjs:1441
[ 3758394ms] [ERROR] WebSocket connection to 'wss://example.supabase.co/realtime/v1/websocket?apikey=public-anon-key&vsn=2.0.0' failed: Error in connection establishment: net::ERR_NAME_NOT_RESOLVED @ webpack-internal:///(app-pages-browser)/./node_modules/@supabase/phoenix/priv/static/phoenix.mjs:1441
[ 3768590ms] [ERROR] WebSocket connection to 'wss://example.supabase.co/realtime/v1/websocket?apikey=public-anon-key&vsn=2.0.0' failed: Error in connection establishment: net::ERR_NAME_NOT_RESOLVED @ webpack-internal:///(app-pages-browser)/./node_modules/@supabase/phoenix/priv/static/phoenix.mjs:1441
[ 3778781ms] [ERROR] WebSocket connection to 'wss://example.supabase.co/realtime/v1/websocket?apikey=public-anon-key&vsn=2.0.0' failed: Error in connection establishment: net::ERR_NAME_NOT_RESOLVED @ webpack-internal:///(app-pages-browser)/./node_modules/@supabase/phoenix/priv/static/phoenix.mjs:1441
[ 3788859ms] [ERROR] WebSocket connection to 'wss://example.supabase.co/realtime/v1/websocket?apikey=public-anon-key&vsn=2.0.0' failed: Error in connection establishment: net::ERR_NAME_NOT_RESOLVED @ webpack-internal:///(app-pages-browser)/./node_modules/@supabase/phoenix/priv/static/phoenix.mjs:1441
[ 3799052ms] [ERROR] WebSocket connection to 'wss://example.supabase.co/realtime/v1/websocket?apikey=public-anon-key&vsn=2.0.0' failed: Error in connection establishment: net::ERR_NAME_NOT_RESOLVED @ webpack-internal:///(app-pages-browser)/./node_modules/@supabase/phoenix/priv/static/phoenix.mjs:1441
[ 3809262ms] [ERROR] WebSocket connection to 'wss://example.supabase.co/realtime/v1/websocket?apikey=public-anon-key&vsn=2.0.0' failed: Error in connection establishment: net::ERR_NAME_NOT_RESOLVED @ webpack-internal:///(app-pages-browser)/./node_modules/@supabase/phoenix/priv/static/phoenix.mjs:1441
[ 3819480ms] [ERROR] WebSocket connection to 'wss://example.supabase.co/realtime/v1/websocket?apikey=public-anon-key&vsn=2.0.0' failed: Error in connection establishment: net::ERR_NAME_NOT_RESOLVED @ webpack-internal:///(app-pages-browser)/./node_modules/@supabase/phoenix/priv/static/phoenix.mjs:1441
[ 3829583ms] [ERROR] WebSocket connection to 'wss://example.supabase.co/realtime/v1/websocket?apikey=public-anon-key&vsn=2.0.0' failed: Error in connection establishment: net::ERR_NAME_NOT_RESOLVED @ webpack-internal:///(app-pages-browser)/./node_modules/@supabase/phoenix/priv/static/phoenix.mjs:1441
[ 3839752ms] [ERROR] WebSocket connection to 'wss://example.supabase.co/realtime/v1/websocket?apikey=public-anon-key&vsn=2.0.0' failed: Error in connection establishment: net::ERR_NAME_NOT_RESOLVED @ webpack-internal:///(app-pages-browser)/./node_modules/@supabase/phoenix/priv/static/phoenix.mjs:1441
[ 3849948ms] [ERROR] WebSocket connection to 'wss://example.supabase.co/realtime/v1/websocket?apikey=public-anon-key&vsn=2.0.0' failed: Error in connection establishment: net::ERR_NAME_NOT_RESOLVED @ webpack-internal:///(app-pages-browser)/./node_modules/@supabase/phoenix/priv/static/phoenix.mjs:1441
[ 3860135ms] [ERROR] WebSocket connection to 'wss://example.supabase.co/realtime/v1/websocket?apikey=public-anon-key&vsn=2.0.0' failed: Error in connection establishment: net::ERR_NAME_NOT_RESOLVED @ webpack-internal:///(app-pages-browser)/./node_modules/@supabase/phoenix/priv/static/phoenix.mjs:1441
[ 3870310ms] [ERROR] WebSocket connection to 'wss://example.supabase.co/realtime/v1/websocket?apikey=public-anon-key&vsn=2.0.0' failed: Error in connection establishment: net::ERR_NAME_NOT_RESOLVED @ webpack-internal:///(app-pages-browser)/./node_modules/@supabase/phoenix/priv/static/phoenix.mjs:1441
[ 3880365ms] [ERROR] WebSocket connection to 'wss://example.supabase.co/realtime/v1/websocket?apikey=public-anon-key&vsn=2.0.0' failed: Error in connection establishment: net::ERR_NAME_NOT_RESOLVED @ webpack-internal:///(app-pages-browser)/./node_modules/@supabase/phoenix/priv/static/phoenix.mjs:1441
[ 3890468ms] [ERROR] WebSocket connection to 'wss://example.supabase.co/realtime/v1/websocket?apikey=public-anon-key&vsn=2.0.0' failed: Error in connection establishment: net::ERR_NAME_NOT_RESOLVED @ webpack-internal:///(app-pages-browser)/./node_modules/@supabase/phoenix/priv/static/phoenix.mjs:1441
[ 3900657ms] [ERROR] WebSocket connection to 'wss://example.supabase.co/realtime/v1/websocket?apikey=public-anon-key&vsn=2.0.0' failed: Error in connection establishment: net::ERR_NAME_NOT_RESOLVED @ webpack-internal:///(app-pages-browser)/./node_modules/@supabase/phoenix/priv/static/phoenix.mjs:1441
[ 3910850ms] [ERROR] WebSocket connection to 'wss://example.supabase.co/realtime/v1/websocket?apikey=public-anon-key&vsn=2.0.0' failed: Error in connection establishment: net::ERR_NAME_NOT_RESOLVED @ webpack-internal:///(app-pages-browser)/./node_modules/@supabase/phoenix/priv/static/phoenix.mjs:1441
[ 3920987ms] [ERROR] WebSocket connection to 'wss://example.supabase.co/realtime/v1/websocket?apikey=public-anon-key&vsn=2.0.0' failed: Error in connection establishment: net::ERR_NAME_NOT_RESOLVED @ webpack-internal:///(app-pages-browser)/./node_modules/@supabase/phoenix/priv/static/phoenix.mjs:1441
[ 3931141ms] [ERROR] WebSocket connection to 'wss://example.supabase.co/realtime/v1/websocket?apikey=public-anon-key&vsn=2.0.0' failed: Error in connection establishment: net::ERR_NAME_NOT_RESOLVED @ webpack-internal:///(app-pages-browser)/./node_modules/@supabase/phoenix/priv/static/phoenix.mjs:1441
[ 3941587ms] [ERROR] WebSocket connection to 'wss://example.supabase.co/realtime/v1/websocket?apikey=public-anon-key&vsn=2.0.0' failed: Error in connection establishment: net::ERR_NAME_NOT_RESOLVED @ webpack-internal:///(app-pages-browser)/./node_modules/@supabase/phoenix/priv/static/phoenix.mjs:1441
[ 3951704ms] [ERROR] WebSocket connection to 'wss://example.supabase.co/realtime/v1/websocket?apikey=public-anon-key&vsn=2.0.0' failed: Error in connection establishment: net::ERR_NAME_NOT_RESOLVED @ webpack-internal:///(app-pages-browser)/./node_modules/@supabase/phoenix/priv/static/phoenix.mjs:1441
[ 3961812ms] [ERROR] WebSocket connection to 'wss://example.supabase.co/realtime/v1/websocket?apikey=public-anon-key&vsn=2.0.0' failed: Error in connection establishment: net::ERR_NAME_NOT_RESOLVED @ webpack-internal:///(app-pages-browser)/./node_modules/@supabase/phoenix/priv/static/phoenix.mjs:1441
[ 3971864ms] [ERROR] WebSocket connection to 'wss://example.supabase.co/realtime/v1/websocket?apikey=public-anon-key&vsn=2.0.0' failed: Error in connection establishment: net::ERR_NAME_NOT_RESOLVED @ webpack-internal:///(app-pages-browser)/./node_modules/@supabase/phoenix/priv/static/phoenix.mjs:1441
[ 3982212ms] [ERROR] WebSocket connection to 'wss://example.supabase.co/realtime/v1/websocket?apikey=public-anon-key&vsn=2.0.0' failed: Error in connection establishment: net::ERR_NAME_NOT_RESOLVED @ webpack-internal:///(app-pages-browser)/./node_modules/@supabase/phoenix/priv/static/phoenix.mjs:1441
[ 3992394ms] [ERROR] WebSocket connection to 'wss://example.supabase.co/realtime/v1/websocket?apikey=public-anon-key&vsn=2.0.0' failed: Error in connection establishment: net::ERR_NAME_NOT_RESOLVED @ webpack-internal:///(app-pages-browser)/./node_modules/@supabase/phoenix/priv/static/phoenix.mjs:1441
[ 4002573ms] [ERROR] WebSocket connection to 'wss://example.supabase.co/realtime/v1/websocket?apikey=public-anon-key&vsn=2.0.0' failed: Error in connection establishment: net::ERR_NAME_NOT_RESOLVED @ webpack-internal:///(app-pages-browser)/./node_modules/@supabase/phoenix/priv/static/phoenix.mjs:1441
[ 4012682ms] [ERROR] WebSocket connection to 'wss://example.supabase.co/realtime/v1/websocket?apikey=public-anon-key&vsn=2.0.0' failed: Error in connection establishment: net::ERR_NAME_NOT_RESOLVED @ webpack-internal:///(app-pages-browser)/./node_modules/@supabase/phoenix/priv/static/phoenix.mjs:1441
[ 4022866ms] [ERROR] WebSocket connection to 'wss://example.supabase.co/realtime/v1/websocket?apikey=public-anon-key&vsn=2.0.0' failed: Error in connection establishment: net::ERR_NAME_NOT_RESOLVED @ webpack-internal:///(app-pages-browser)/./node_modules/@supabase/phoenix/priv/static/phoenix.mjs:1441
[ 4033075ms] [ERROR] WebSocket connection to 'wss://example.supabase.co/realtime/v1/websocket?apikey=public-anon-key&vsn=2.0.0' failed: Error in connection establishment: net::ERR_NAME_NOT_RESOLVED @ webpack-internal:///(app-pages-browser)/./node_modules/@supabase/phoenix/priv/static/phoenix.mjs:1441
[ 4043259ms] [ERROR] WebSocket connection to 'wss://example.supabase.co/realtime/v1/websocket?apikey=public-anon-key&vsn=2.0.0' failed: Error in connection establishment: net::ERR_NAME_NOT_RESOLVED @ webpack-internal:///(app-pages-browser)/./node_modules/@supabase/phoenix/priv/static/phoenix.mjs:1441
[ 4053516ms] [ERROR] WebSocket connection to 'wss://example.supabase.co/realtime/v1/websocket?apikey=public-anon-key&vsn=2.0.0' failed: Error in connection establishment: net::ERR_NAME_NOT_RESOLVED @ webpack-internal:///(app-pages-browser)/./node_modules/@supabase/phoenix/priv/static/phoenix.mjs:1441
[ 4063927ms] [ERROR] WebSocket connection to 'wss://example.supabase.co/realtime/v1/websocket?apikey=public-anon-key&vsn=2.0.0' failed: Error in connection establishment: net::ERR_NAME_NOT_RESOLVED @ webpack-internal:///(app-pages-browser)/./node_modules/@supabase/phoenix/priv/static/phoenix.mjs:1441
[ 4074042ms] [ERROR] WebSocket connection to 'wss://example.supabase.co/realtime/v1/websocket?apikey=public-anon-key&vsn=2.0.0' failed: Error in connection establishment: net::ERR_NAME_NOT_RESOLVED @ webpack-internal:///(app-pages-browser)/./node_modules/@supabase/phoenix/priv/static/phoenix.mjs:1441
[ 4084210ms] [ERROR] WebSocket connection to 'wss://example.supabase.co/realtime/v1/websocket?apikey=public-anon-key&vsn=2.0.0' failed: Error in connection establishment: net::ERR_NAME_NOT_RESOLVED @ webpack-internal:///(app-pages-browser)/./node_modules/@supabase/phoenix/priv/static/phoenix.mjs:1441
[ 4094385ms] [ERROR] WebSocket connection to 'wss://example.supabase.co/realtime/v1/websocket?apikey=public-anon-key&vsn=2.0.0' failed: Error in connection establishment: net::ERR_NAME_NOT_RESOLVED @ webpack-internal:///(app-pages-browser)/./node_modules/@supabase/phoenix/priv/static/phoenix.mjs:1441
[ 4104428ms] [ERROR] WebSocket connection to 'wss://example.supabase.co/realtime/v1/websocket?apikey=public-anon-key&vsn=2.0.0' failed: Error in connection establishment: net::ERR_NAME_NOT_RESOLVED @ webpack-internal:///(app-pages-browser)/./node_modules/@supabase/phoenix/priv/static/phoenix.mjs:1441
[ 4114601ms] [ERROR] WebSocket connection to 'wss://example.supabase.co/realtime/v1/websocket?apikey=public-anon-key&vsn=2.0.0' failed: Error in connection establishment: net::ERR_NAME_NOT_RESOLVED @ webpack-internal:///(app-pages-browser)/./node_modules/@supabase/phoenix/priv/static/phoenix.mjs:1441
[ 4124766ms] [ERROR] WebSocket connection to 'wss://example.supabase.co/realtime/v1/websocket?apikey=public-anon-key&vsn=2.0.0' failed: Error in connection establishment: net::ERR_NAME_NOT_RESOLVED @ webpack-internal:///(app-pages-browser)/./node_modules/@supabase/phoenix/priv/static/phoenix.mjs:1441
[ 4134924ms] [ERROR] WebSocket connection to 'wss://example.supabase.co/realtime/v1/websocket?apikey=public-anon-key&vsn=2.0.0' failed: Error in connection establishment: net::ERR_NAME_NOT_RESOLVED @ webpack-internal:///(app-pages-browser)/./node_modules/@supabase/phoenix/priv/static/phoenix.mjs:1441
[ 4145075ms] [ERROR] WebSocket connection to 'wss://example.supabase.co/realtime/v1/websocket?apikey=public-anon-key&vsn=2.0.0' failed: Error in connection establishment: net::ERR_NAME_NOT_RESOLVED @ webpack-internal:///(app-pages-browser)/./node_modules/@supabase/phoenix/priv/static/phoenix.mjs:1441
[ 4155301ms] [ERROR] WebSocket connection to 'wss://example.supabase.co/realtime/v1/websocket?apikey=public-anon-key&vsn=2.0.0' failed: Error in connection establishment: net::ERR_NAME_NOT_RESOLVED @ webpack-internal:///(app-pages-browser)/./node_modules/@supabase/phoenix/priv/static/phoenix.mjs:1441
[ 4165489ms] [ERROR] WebSocket connection to 'wss://example.supabase.co/realtime/v1/websocket?apikey=public-anon-key&vsn=2.0.0' failed: Error in connection establishment: net::ERR_NAME_NOT_RESOLVED @ webpack-internal:///(app-pages-browser)/./node_modules/@supabase/phoenix/priv/static/phoenix.mjs:1441
[ 4175663ms] [ERROR] WebSocket connection to 'wss://example.supabase.co/realtime/v1/websocket?apikey=public-anon-key&vsn=2.0.0' failed: Error in connection establishment: net::ERR_NAME_NOT_RESOLVED @ webpack-internal:///(app-pages-browser)/./node_modules/@supabase/phoenix/priv/static/phoenix.mjs:1441
[ 4186039ms] [ERROR] WebSocket connection to 'wss://example.supabase.co/realtime/v1/websocket?apikey=public-anon-key&vsn=2.0.0' failed: Error in connection establishment: net::ERR_NAME_NOT_RESOLVED @ webpack-internal:///(app-pages-browser)/./node_modules/@supabase/phoenix/priv/static/phoenix.mjs:1441
[ 4196212ms] [ERROR] WebSocket connection to 'wss://example.supabase.co/realtime/v1/websocket?apikey=public-anon-key&vsn=2.0.0' failed: Error in connection establishment: net::ERR_NAME_NOT_RESOLVED @ webpack-internal:///(app-pages-browser)/./node_modules/@supabase/phoenix/priv/static/phoenix.mjs:1441
[ 4206317ms] [ERROR] WebSocket connection to 'wss://example.supabase.co/realtime/v1/websocket?apikey=public-anon-key&vsn=2.0.0' failed: Error in connection establishment: net::ERR_NAME_NOT_RESOLVED @ webpack-internal:///(app-pages-browser)/./node_modules/@supabase/phoenix/priv/static/phoenix.mjs:1441
[ 4216498ms] [ERROR] WebSocket connection to 'wss://example.supabase.co/realtime/v1/websocket?apikey=public-anon-key&vsn=2.0.0' failed: Error in connection establishment: net::ERR_NAME_NOT_RESOLVED @ webpack-internal:///(app-pages-browser)/./node_modules/@supabase/phoenix/priv/static/phoenix.mjs:1441
[ 4226675ms] [ERROR] WebSocket connection to 'wss://example.supabase.co/realtime/v1/websocket?apikey=public-anon-key&vsn=2.0.0' failed: Error in connection establishment: net::ERR_NAME_NOT_RESOLVED @ webpack-internal:///(app-pages-browser)/./node_modules/@supabase/phoenix/priv/static/phoenix.mjs:1441
[ 4236784ms] [ERROR] WebSocket connection to 'wss://example.supabase.co/realtime/v1/websocket?apikey=public-anon-key&vsn=2.0.0' failed: Error in connection establishment: net::ERR_NAME_NOT_RESOLVED @ webpack-internal:///(app-pages-browser)/./node_modules/@supabase/phoenix/priv/static/phoenix.mjs:1441
[ 4246969ms] [ERROR] WebSocket connection to 'wss://example.supabase.co/realtime/v1/websocket?apikey=public-anon-key&vsn=2.0.0' failed: Error in connection establishment: net::ERR_NAME_NOT_RESOLVED @ webpack-internal:///(app-pages-browser)/./node_modules/@supabase/phoenix/priv/static/phoenix.mjs:1441
[ 4257083ms] [ERROR] WebSocket connection to 'wss://example.supabase.co/realtime/v1/websocket?apikey=public-anon-key&vsn=2.0.0' failed: Error in connection establishment: net::ERR_NAME_NOT_RESOLVED @ webpack-internal:///(app-pages-browser)/./node_modules/@supabase/phoenix/priv/static/phoenix.mjs:1441
[ 4267253ms] [ERROR] WebSocket connection to 'wss://example.supabase.co/realtime/v1/websocket?apikey=public-anon-key&vsn=2.0.0' failed: Error in connection establishment: net::ERR_NAME_NOT_RESOLVED @ webpack-internal:///(app-pages-browser)/./node_modules/@supabase/phoenix/priv/static/phoenix.mjs:1441
[ 4277426ms] [ERROR] WebSocket connection to 'wss://example.supabase.co/realtime/v1/websocket?apikey=public-anon-key&vsn=2.0.0' failed: Error in connection establishment: net::ERR_NAME_NOT_RESOLVED @ webpack-internal:///(app-pages-browser)/./node_modules/@supabase/phoenix/priv/static/phoenix.mjs:1441
[ 4287566ms] [ERROR] WebSocket connection to 'wss://example.supabase.co/realtime/v1/websocket?apikey=public-anon-key&vsn=2.0.0' failed: Error in connection establishment: net::ERR_NAME_NOT_RESOLVED @ webpack-internal:///(app-pages-browser)/./node_modules/@supabase/phoenix/priv/static/phoenix.mjs:1441
[ 4297818ms] [ERROR] WebSocket connection to 'wss://example.supabase.co/realtime/v1/websocket?apikey=public-anon-key&vsn=2.0.0' failed: Error in connection establishment: net::ERR_NAME_NOT_RESOLVED @ webpack-internal:///(app-pages-browser)/./node_modules/@supabase/phoenix/priv/static/phoenix.mjs:1441
[ 4308183ms] [ERROR] WebSocket connection to 'wss://example.supabase.co/realtime/v1/websocket?apikey=public-anon-key&vsn=2.0.0' failed: Error in connection establishment: net::ERR_NAME_NOT_RESOLVED @ webpack-internal:///(app-pages-browser)/./node_modules/@supabase/phoenix/priv/static/phoenix.mjs:1441
[ 4318223ms] [ERROR] WebSocket connection to 'wss://example.supabase.co/realtime/v1/websocket?apikey=public-anon-key&vsn=2.0.0' failed: Error in connection establishment: net::ERR_NAME_NOT_RESOLVED @ webpack-internal:///(app-pages-browser)/./node_modules/@supabase/phoenix/priv/static/phoenix.mjs:1441
[ 4328391ms] [ERROR] WebSocket connection to 'wss://example.supabase.co/realtime/v1/websocket?apikey=public-anon-key&vsn=2.0.0' failed: Error in connection establishment: net::ERR_NAME_NOT_RESOLVED @ webpack-internal:///(app-pages-browser)/./node_modules/@supabase/phoenix/priv/static/phoenix.mjs:1441
[ 4338573ms] [ERROR] WebSocket connection to 'wss://example.supabase.co/realtime/v1/websocket?apikey=public-anon-key&vsn=2.0.0' failed: Error in connection establishment: net::ERR_NAME_NOT_RESOLVED @ webpack-internal:///(app-pages-browser)/./node_modules/@supabase/phoenix/priv/static/phoenix.mjs:1441
[ 4348682ms] [ERROR] WebSocket connection to 'wss://example.supabase.co/realtime/v1/websocket?apikey=public-anon-key&vsn=2.0.0' failed: Error in connection establishment: net::ERR_NAME_NOT_RESOLVED @ webpack-internal:///(app-pages-browser)/./node_modules/@supabase/phoenix/priv/static/phoenix.mjs:1441
[ 4358784ms] [ERROR] WebSocket connection to 'wss://example.supabase.co/realtime/v1/websocket?apikey=public-anon-key&vsn=2.0.0' failed: Error in connection establishment: net::ERR_NAME_NOT_RESOLVED @ webpack-internal:///(app-pages-browser)/./node_modules/@supabase/phoenix/priv/static/phoenix.mjs:1441
[ 4368964ms] [ERROR] WebSocket connection to 'wss://example.supabase.co/realtime/v1/websocket?apikey=public-anon-key&vsn=2.0.0' failed: Error in connection establishment: net::ERR_NAME_NOT_RESOLVED @ webpack-internal:///(app-pages-browser)/./node_modules/@supabase/phoenix/priv/static/phoenix.mjs:1441
[ 4379178ms] [ERROR] WebSocket connection to 'wss://example.supabase.co/realtime/v1/websocket?apikey=public-anon-key&vsn=2.0.0' failed: Error in connection establishment: net::ERR_NAME_NOT_RESOLVED @ webpack-internal:///(app-pages-browser)/./node_modules/@supabase/phoenix/priv/static/phoenix.mjs:1441
[ 4389406ms] [ERROR] WebSocket connection to 'wss://example.supabase.co/realtime/v1/websocket?apikey=public-anon-key&vsn=2.0.0' failed: Error in connection establishment: net::ERR_NAME_NOT_RESOLVED @ webpack-internal:///(app-pages-browser)/./node_modules/@supabase/phoenix/priv/static/phoenix.mjs:1441
[ 4399540ms] [ERROR] WebSocket connection to 'wss://example.supabase.co/realtime/v1/websocket?apikey=public-anon-key&vsn=2.0.0' failed: Error in connection establishment: net::ERR_NAME_NOT_RESOLVED @ webpack-internal:///(app-pages-browser)/./node_modules/@supabase/phoenix/priv/static/phoenix.mjs:1441
[ 4409754ms] [ERROR] WebSocket connection to 'wss://example.supabase.co/realtime/v1/websocket?apikey=public-anon-key&vsn=2.0.0' failed: Error in connection establishment: net::ERR_NAME_NOT_RESOLVED @ webpack-internal:///(app-pages-browser)/./node_modules/@supabase/phoenix/priv/static/phoenix.mjs:1441
[ 4420046ms] [ERROR] WebSocket connection to 'wss://example.supabase.co/realtime/v1/websocket?apikey=public-anon-key&vsn=2.0.0' failed: Error in connection establishment: net::ERR_NAME_NOT_RESOLVED @ webpack-internal:///(app-pages-browser)/./node_modules/@supabase/phoenix/priv/static/phoenix.mjs:1441
[ 4430267ms] [ERROR] WebSocket connection to 'wss://example.supabase.co/realtime/v1/websocket?apikey=public-anon-key&vsn=2.0.0' failed: Error in connection establishment: net::ERR_NAME_NOT_RESOLVED @ webpack-internal:///(app-pages-browser)/./node_modules/@supabase/phoenix/priv/static/phoenix.mjs:1441
[ 4440440ms] [ERROR] WebSocket connection to 'wss://example.supabase.co/realtime/v1/websocket?apikey=public-anon-key&vsn=2.0.0' failed: Error in connection establishment: net::ERR_NAME_NOT_RESOLVED @ webpack-internal:///(app-pages-browser)/./node_modules/@supabase/phoenix/priv/static/phoenix.mjs:1441
[ 4450554ms] [ERROR] WebSocket connection to 'wss://example.supabase.co/realtime/v1/websocket?apikey=public-anon-key&vsn=2.0.0' failed: Error in connection establishment: net::ERR_NAME_NOT_RESOLVED @ webpack-internal:///(app-pages-browser)/./node_modules/@supabase/phoenix/priv/static/phoenix.mjs:1441
[ 4460726ms] [ERROR] WebSocket connection to 'wss://example.supabase.co/realtime/v1/websocket?apikey=public-anon-key&vsn=2.0.0' failed: Error in connection establishment: net::ERR_NAME_NOT_RESOLVED @ webpack-internal:///(app-pages-browser)/./node_modules/@supabase/phoenix/priv/static/phoenix.mjs:1441
[ 4470966ms] [ERROR] WebSocket connection to 'wss://example.supabase.co/realtime/v1/websocket?apikey=public-anon-key&vsn=2.0.0' failed: Error in connection establishment: net::ERR_NAME_NOT_RESOLVED @ webpack-internal:///(app-pages-browser)/./node_modules/@supabase/phoenix/priv/static/phoenix.mjs:1441
[ 4481013ms] [ERROR] WebSocket connection to 'wss://example.supabase.co/realtime/v1/websocket?apikey=public-anon-key&vsn=2.0.0' failed: Error in connection establishment: net::ERR_NAME_NOT_RESOLVED @ webpack-internal:///(app-pages-browser)/./node_modules/@supabase/phoenix/priv/static/phoenix.mjs:1441
[ 4491185ms] [ERROR] WebSocket connection to 'wss://example.supabase.co/realtime/v1/websocket?apikey=public-anon-key&vsn=2.0.0' failed: Error in connection establishment: net::ERR_NAME_NOT_RESOLVED @ webpack-internal:///(app-pages-browser)/./node_modules/@supabase/phoenix/priv/static/phoenix.mjs:1441
[ 4501335ms] [ERROR] WebSocket connection to 'wss://example.supabase.co/realtime/v1/websocket?apikey=public-anon-key&vsn=2.0.0' failed: Error in connection establishment: net::ERR_NAME_NOT_RESOLVED @ webpack-internal:///(app-pages-browser)/./node_modules/@supabase/phoenix/priv/static/phoenix.mjs:1441
[ 4511506ms] [ERROR] WebSocket connection to 'wss://example.supabase.co/realtime/v1/websocket?apikey=public-anon-key&vsn=2.0.0' failed: Error in connection establishment: net::ERR_NAME_NOT_RESOLVED @ webpack-internal:///(app-pages-browser)/./node_modules/@supabase/phoenix/priv/static/phoenix.mjs:1441
[ 4521639ms] [ERROR] WebSocket connection to 'wss://example.supabase.co/realtime/v1/websocket?apikey=public-anon-key&vsn=2.0.0' failed: Error in connection establishment: net::ERR_NAME_NOT_RESOLVED @ webpack-internal:///(app-pages-browser)/./node_modules/@supabase/phoenix/priv/static/phoenix.mjs:1441
[ 4531861ms] [ERROR] WebSocket connection to 'wss://example.supabase.co/realtime/v1/websocket?apikey=public-anon-key&vsn=2.0.0' failed: Error in connection establishment: net::ERR_NAME_NOT_RESOLVED @ webpack-internal:///(app-pages-browser)/./node_modules/@supabase/phoenix/priv/static/phoenix.mjs:1441
[ 4542085ms] [ERROR] WebSocket connection to 'wss://example.supabase.co/realtime/v1/websocket?apikey=public-anon-key&vsn=2.0.0' failed: Error in connection establishment: net::ERR_NAME_NOT_RESOLVED @ webpack-internal:///(app-pages-browser)/./node_modules/@supabase/phoenix/priv/static/phoenix.mjs:1441
[ 4552391ms] [ERROR] WebSocket connection to 'wss://example.supabase.co/realtime/v1/websocket?apikey=public-anon-key&vsn=2.0.0' failed: Error in connection establishment: net::ERR_NAME_NOT_RESOLVED @ webpack-internal:///(app-pages-browser)/./node_modules/@supabase/phoenix/priv/static/phoenix.mjs:1441
[ 4562504ms] [ERROR] WebSocket connection to 'wss://example.supabase.co/realtime/v1/websocket?apikey=public-anon-key&vsn=2.0.0' failed: Error in connection establishment: net::ERR_NAME_NOT_RESOLVED @ webpack-internal:///(app-pages-browser)/./node_modules/@supabase/phoenix/priv/static/phoenix.mjs:1441
[ 4572650ms] [ERROR] WebSocket connection to 'wss://example.supabase.co/realtime/v1/websocket?apikey=public-anon-key&vsn=2.0.0' failed: Error in connection establishment: net::ERR_NAME_NOT_RESOLVED @ webpack-internal:///(app-pages-browser)/./node_modules/@supabase/phoenix/priv/static/phoenix.mjs:1441
[ 4582812ms] [ERROR] WebSocket connection to 'wss://example.supabase.co/realtime/v1/websocket?apikey=public-anon-key&vsn=2.0.0' failed: Error in connection establishment: net::ERR_NAME_NOT_RESOLVED @ webpack-internal:///(app-pages-browser)/./node_modules/@supabase/phoenix/priv/static/phoenix.mjs:1441
[ 4592991ms] [ERROR] WebSocket connection to 'wss://example.supabase.co/realtime/v1/websocket?apikey=public-anon-key&vsn=2.0.0' failed: Error in connection establishment: net::ERR_NAME_NOT_RESOLVED @ webpack-internal:///(app-pages-browser)/./node_modules/@supabase/phoenix/priv/static/phoenix.mjs:1441
[ 4603171ms] [ERROR] WebSocket connection to 'wss://example.supabase.co/realtime/v1/websocket?apikey=public-anon-key&vsn=2.0.0' failed: Error in connection establishment: net::ERR_NAME_NOT_RESOLVED @ webpack-internal:///(app-pages-browser)/./node_modules/@supabase/phoenix/priv/static/phoenix.mjs:1441
[ 4613342ms] [ERROR] WebSocket connection to 'wss://example.supabase.co/realtime/v1/websocket?apikey=public-anon-key&vsn=2.0.0' failed: Error in connection establishment: net::ERR_NAME_NOT_RESOLVED @ webpack-internal:///(app-pages-browser)/./node_modules/@supabase/phoenix/priv/static/phoenix.mjs:1441
[ 4623530ms] [ERROR] WebSocket connection to 'wss://example.supabase.co/realtime/v1/websocket?apikey=public-anon-key&vsn=2.0.0' failed: Error in connection establishment: net::ERR_NAME_NOT_RESOLVED @ webpack-internal:///(app-pages-browser)/./node_modules/@supabase/phoenix/priv/static/phoenix.mjs:1441
[ 4633665ms] [ERROR] WebSocket connection to 'wss://example.supabase.co/realtime/v1/websocket?apikey=public-anon-key&vsn=2.0.0' failed: Error in connection establishment: net::ERR_NAME_NOT_RESOLVED @ webpack-internal:///(app-pages-browser)/./node_modules/@supabase/phoenix/priv/static/phoenix.mjs:1441
[ 4643869ms] [ERROR] WebSocket connection to 'wss://example.supabase.co/realtime/v1/websocket?apikey=public-anon-key&vsn=2.0.0' failed: Error in connection establishment: net::ERR_NAME_NOT_RESOLVED @ webpack-internal:///(app-pages-browser)/./node_modules/@supabase/phoenix/priv/static/phoenix.mjs:1441
[ 4654071ms] [ERROR] WebSocket connection to 'wss://example.supabase.co/realtime/v1/websocket?apikey=public-anon-key&vsn=2.0.0' failed: Error in connection establishment: net::ERR_NAME_NOT_RESOLVED @ webpack-internal:///(app-pages-browser)/./node_modules/@supabase/phoenix/priv/static/phoenix.mjs:1441
[ 4664242ms] [ERROR] WebSocket connection to 'wss://example.supabase.co/realtime/v1/websocket?apikey=public-anon-key&vsn=2.0.0' failed: Error in connection establishment: net::ERR_NAME_NOT_RESOLVED @ webpack-internal:///(app-pages-browser)/./node_modules/@supabase/phoenix/priv/static/phoenix.mjs:1441
[ 4674439ms] [ERROR] WebSocket connection to 'wss://example.supabase.co/realtime/v1/websocket?apikey=public-anon-key&vsn=2.0.0' failed: Error in connection establishment: net::ERR_NAME_NOT_RESOLVED @ webpack-internal:///(app-pages-browser)/./node_modules/@supabase/phoenix/priv/static/phoenix.mjs:1441
[ 4684552ms] [ERROR] WebSocket connection to 'wss://example.supabase.co/realtime/v1/websocket?apikey=public-anon-key&vsn=2.0.0' failed: Error in connection establishment: net::ERR_NAME_NOT_RESOLVED @ webpack-internal:///(app-pages-browser)/./node_modules/@supabase/phoenix/priv/static/phoenix.mjs:1441
[ 4694729ms] [ERROR] WebSocket connection to 'wss://example.supabase.co/realtime/v1/websocket?apikey=public-anon-key&vsn=2.0.0' failed: Error in connection establishment: net::ERR_NAME_NOT_RESOLVED @ webpack-internal:///(app-pages-browser)/./node_modules/@supabase/phoenix/priv/static/phoenix.mjs:1441
[ 4704844ms] [ERROR] WebSocket connection to 'wss://example.supabase.co/realtime/v1/websocket?apikey=public-anon-key&vsn=2.0.0' failed: Error in connection establishment: net::ERR_NAME_NOT_RESOLVED @ webpack-internal:///(app-pages-browser)/./node_modules/@supabase/phoenix/priv/static/phoenix.mjs:1441
[ 4715005ms] [ERROR] WebSocket connection to 'wss://example.supabase.co/realtime/v1/websocket?apikey=public-anon-key&vsn=2.0.0' failed: Error in connection establishment: net::ERR_NAME_NOT_RESOLVED @ webpack-internal:///(app-pages-browser)/./node_modules/@supabase/phoenix/priv/static/phoenix.mjs:1441
[ 4725175ms] [ERROR] WebSocket connection to 'wss://example.supabase.co/realtime/v1/websocket?apikey=public-anon-key&vsn=2.0.0' failed: Error in connection establishment: net::ERR_NAME_NOT_RESOLVED @ webpack-internal:///(app-pages-browser)/./node_modules/@supabase/phoenix/priv/static/phoenix.mjs:1441
[ 4735293ms] [ERROR] WebSocket connection to 'wss://example.supabase.co/realtime/v1/websocket?apikey=public-anon-key&vsn=2.0.0' failed: Error in connection establishment: net::ERR_NAME_NOT_RESOLVED @ webpack-internal:///(app-pages-browser)/./node_modules/@supabase/phoenix/priv/static/phoenix.mjs:1441
[ 4745406ms] [ERROR] WebSocket connection to 'wss://example.supabase.co/realtime/v1/websocket?apikey=public-anon-key&vsn=2.0.0' failed: Error in connection establishment: net::ERR_NAME_NOT_RESOLVED @ webpack-internal:///(app-pages-browser)/./node_modules/@supabase/phoenix/priv/static/phoenix.mjs:1441
[ 4755586ms] [ERROR] WebSocket connection to 'wss://example.supabase.co/realtime/v1/websocket?apikey=public-anon-key&vsn=2.0.0' failed: Error in connection establishment: net::ERR_NAME_NOT_RESOLVED @ webpack-internal:///(app-pages-browser)/./node_modules/@supabase/phoenix/priv/static/phoenix.mjs:1441
[ 4765728ms] [ERROR] WebSocket connection to 'wss://example.supabase.co/realtime/v1/websocket?apikey=public-anon-key&vsn=2.0.0' failed: Error in connection establishment: net::ERR_NAME_NOT_RESOLVED @ webpack-internal:///(app-pages-browser)/./node_modules/@supabase/phoenix/priv/static/phoenix.mjs:1441
[ 4775934ms] [ERROR] WebSocket connection to 'wss://example.supabase.co/realtime/v1/websocket?apikey=public-anon-key&vsn=2.0.0' failed: Error in connection establishment: net::ERR_NAME_NOT_RESOLVED @ webpack-internal:///(app-pages-browser)/./node_modules/@supabase/phoenix/priv/static/phoenix.mjs:1441
[ 4786054ms] [ERROR] WebSocket connection to 'wss://example.supabase.co/realtime/v1/websocket?apikey=public-anon-key&vsn=2.0.0' failed: Error in connection establishment: net::ERR_NAME_NOT_RESOLVED @ webpack-internal:///(app-pages-browser)/./node_modules/@supabase/phoenix/priv/static/phoenix.mjs:1441
[ 4796350ms] [ERROR] WebSocket connection to 'wss://example.supabase.co/realtime/v1/websocket?apikey=public-anon-key&vsn=2.0.0' failed: Error in connection establishment: net::ERR_NAME_NOT_RESOLVED @ webpack-internal:///(app-pages-browser)/./node_modules/@supabase/phoenix/priv/static/phoenix.mjs:1441
[ 4806443ms] [ERROR] WebSocket connection to 'wss://example.supabase.co/realtime/v1/websocket?apikey=public-anon-key&vsn=2.0.0' failed: Error in connection establishment: net::ERR_NAME_NOT_RESOLVED @ webpack-internal:///(app-pages-browser)/./node_modules/@supabase/phoenix/priv/static/phoenix.mjs:1441
[ 4816549ms] [ERROR] WebSocket connection to 'wss://example.supabase.co/realtime/v1/websocket?apikey=public-anon-key&vsn=2.0.0' failed: Error in connection establishment: net::ERR_NAME_NOT_RESOLVED @ webpack-internal:///(app-pages-browser)/./node_modules/@supabase/phoenix/priv/static/phoenix.mjs:1441
[ 4826723ms] [ERROR] WebSocket connection to 'wss://example.supabase.co/realtime/v1/websocket?apikey=public-anon-key&vsn=2.0.0' failed: Error in connection establishment: net::ERR_NAME_NOT_RESOLVED @ webpack-internal:///(app-pages-browser)/./node_modules/@supabase/phoenix/priv/static/phoenix.mjs:1441
[ 4836884ms] [ERROR] WebSocket connection to 'wss://example.supabase.co/realtime/v1/websocket?apikey=public-anon-key&vsn=2.0.0' failed: Error in connection establishment: net::ERR_NAME_NOT_RESOLVED @ webpack-internal:///(app-pages-browser)/./node_modules/@supabase/phoenix/priv/static/phoenix.mjs:1441
[ 4847049ms] [ERROR] WebSocket connection to 'wss://example.supabase.co/realtime/v1/websocket?apikey=public-anon-key&vsn=2.0.0' failed: Error in connection establishment: net::ERR_NAME_NOT_RESOLVED @ webpack-internal:///(app-pages-browser)/./node_modules/@supabase/phoenix/priv/static/phoenix.mjs:1441
[ 4857225ms] [ERROR] WebSocket connection to 'wss://example.supabase.co/realtime/v1/websocket?apikey=public-anon-key&vsn=2.0.0' failed: Error in connection establishment: net::ERR_NAME_NOT_RESOLVED @ webpack-internal:///(app-pages-browser)/./node_modules/@supabase/phoenix/priv/static/phoenix.mjs:1441
[ 4867390ms] [ERROR] WebSocket connection to 'wss://example.supabase.co/realtime/v1/websocket?apikey=public-anon-key&vsn=2.0.0' failed: Error in connection establishment: net::ERR_NAME_NOT_RESOLVED @ webpack-internal:///(app-pages-browser)/./node_modules/@supabase/phoenix/priv/static/phoenix.mjs:1441
[ 4877583ms] [ERROR] WebSocket connection to 'wss://example.supabase.co/realtime/v1/websocket?apikey=public-anon-key&vsn=2.0.0' failed: Error in connection establishment: net::ERR_NAME_NOT_RESOLVED @ webpack-internal:///(app-pages-browser)/./node_modules/@supabase/phoenix/priv/static/phoenix.mjs:1441
[ 4887658ms] [ERROR] WebSocket connection to 'wss://example.supabase.co/realtime/v1/websocket?apikey=public-anon-key&vsn=2.0.0' failed: Error in connection establishment: net::ERR_NAME_NOT_RESOLVED @ webpack-internal:///(app-pages-browser)/./node_modules/@supabase/phoenix/priv/static/phoenix.mjs:1441
[ 4897901ms] [ERROR] WebSocket connection to 'wss://example.supabase.co/realtime/v1/websocket?apikey=public-anon-key&vsn=2.0.0' failed: Error in connection establishment: net::ERR_NAME_NOT_RESOLVED @ webpack-internal:///(app-pages-browser)/./node_modules/@supabase/phoenix/priv/static/phoenix.mjs:1441
[ 4908131ms] [ERROR] WebSocket connection to 'wss://example.supabase.co/realtime/v1/websocket?apikey=public-anon-key&vsn=2.0.0' failed: Error in connection establishment: net::ERR_NAME_NOT_RESOLVED @ webpack-internal:///(app-pages-browser)/./node_modules/@supabase/phoenix/priv/static/phoenix.mjs:1441
[ 4918242ms] [ERROR] WebSocket connection to 'wss://example.supabase.co/realtime/v1/websocket?apikey=public-anon-key&vsn=2.0.0' failed: Error in connection establishment: net::ERR_NAME_NOT_RESOLVED @ webpack-internal:///(app-pages-browser)/./node_modules/@supabase/phoenix/priv/static/phoenix.mjs:1441
[ 4928427ms] [ERROR] WebSocket connection to 'wss://example.supabase.co/realtime/v1/websocket?apikey=public-anon-key&vsn=2.0.0' failed: Error in connection establishment: net::ERR_NAME_NOT_RESOLVED @ webpack-internal:///(app-pages-browser)/./node_modules/@supabase/phoenix/priv/static/phoenix.mjs:1441
[ 4938574ms] [ERROR] WebSocket connection to 'wss://example.supabase.co/realtime/v1/websocket?apikey=public-anon-key&vsn=2.0.0' failed: Error in connection establishment: net::ERR_NAME_NOT_RESOLVED @ webpack-internal:///(app-pages-browser)/./node_modules/@supabase/phoenix/priv/static/phoenix.mjs:1441
[ 4948720ms] [ERROR] WebSocket connection to 'wss://example.supabase.co/realtime/v1/websocket?apikey=public-anon-key&vsn=2.0.0' failed: Error in connection establishment: net::ERR_NAME_NOT_RESOLVED @ webpack-internal:///(app-pages-browser)/./node_modules/@supabase/phoenix/priv/static/phoenix.mjs:1441
[ 4958909ms] [ERROR] WebSocket connection to 'wss://example.supabase.co/realtime/v1/websocket?apikey=public-anon-key&vsn=2.0.0' failed: Error in connection establishment: net::ERR_NAME_NOT_RESOLVED @ webpack-internal:///(app-pages-browser)/./node_modules/@supabase/phoenix/priv/static/phoenix.mjs:1441
[ 4969068ms] [ERROR] WebSocket connection to 'wss://example.supabase.co/realtime/v1/websocket?apikey=public-anon-key&vsn=2.0.0' failed: Error in connection establishment: net::ERR_NAME_NOT_RESOLVED @ webpack-internal:///(app-pages-browser)/./node_modules/@supabase/phoenix/priv/static/phoenix.mjs:1441
[ 4979170ms] [ERROR] WebSocket connection to 'wss://example.supabase.co/realtime/v1/websocket?apikey=public-anon-key&vsn=2.0.0' failed: Error in connection establishment: net::ERR_NAME_NOT_RESOLVED @ webpack-internal:///(app-pages-browser)/./node_modules/@supabase/phoenix/priv/static/phoenix.mjs:1441
[ 4989337ms] [ERROR] WebSocket connection to 'wss://example.supabase.co/realtime/v1/websocket?apikey=public-anon-key&vsn=2.0.0' failed: Error in connection establishment: net::ERR_NAME_NOT_RESOLVED @ webpack-internal:///(app-pages-browser)/./node_modules/@supabase/phoenix/priv/static/phoenix.mjs:1441
[ 4999508ms] [ERROR] WebSocket connection to 'wss://example.supabase.co/realtime/v1/websocket?apikey=public-anon-key&vsn=2.0.0' failed: Error in connection establishment: net::ERR_NAME_NOT_RESOLVED @ webpack-internal:///(app-pages-browser)/./node_modules/@supabase/phoenix/priv/static/phoenix.mjs:1441
[ 5009646ms] [ERROR] WebSocket connection to 'wss://example.supabase.co/realtime/v1/websocket?apikey=public-anon-key&vsn=2.0.0' failed: Error in connection establishment: net::ERR_NAME_NOT_RESOLVED @ webpack-internal:///(app-pages-browser)/./node_modules/@supabase/phoenix/priv/static/phoenix.mjs:1441
[ 5019822ms] [ERROR] WebSocket connection to 'wss://example.supabase.co/realtime/v1/websocket?apikey=public-anon-key&vsn=2.0.0' failed: Error in connection establishment: net::ERR_NAME_NOT_RESOLVED @ webpack-internal:///(app-pages-browser)/./node_modules/@supabase/phoenix/priv/static/phoenix.mjs:1441
[ 5029973ms] [ERROR] WebSocket connection to 'wss://example.supabase.co/realtime/v1/websocket?apikey=public-anon-key&vsn=2.0.0' failed: Error in connection establishment: net::ERR_NAME_NOT_RESOLVED @ webpack-internal:///(app-pages-browser)/./node_modules/@supabase/phoenix/priv/static/phoenix.mjs:1441
[ 5040257ms] [ERROR] WebSocket connection to 'wss://example.supabase.co/realtime/v1/websocket?apikey=public-anon-key&vsn=2.0.0' failed: Error in connection establishment: net::ERR_NAME_NOT_RESOLVED @ webpack-internal:///(app-pages-browser)/./node_modules/@supabase/phoenix/priv/static/phoenix.mjs:1441
[ 5050370ms] [ERROR] WebSocket connection to 'wss://example.supabase.co/realtime/v1/websocket?apikey=public-anon-key&vsn=2.0.0' failed: Error in connection establishment: net::ERR_NAME_NOT_RESOLVED @ webpack-internal:///(app-pages-browser)/./node_modules/@supabase/phoenix/priv/static/phoenix.mjs:1441
[ 5060528ms] [ERROR] WebSocket connection to 'wss://example.supabase.co/realtime/v1/websocket?apikey=public-anon-key&vsn=2.0.0' failed: Error in connection establishment: net::ERR_NAME_NOT_RESOLVED @ webpack-internal:///(app-pages-browser)/./node_modules/@supabase/phoenix/priv/static/phoenix.mjs:1441
[ 5070640ms] [ERROR] WebSocket connection to 'wss://example.supabase.co/realtime/v1/websocket?apikey=public-anon-key&vsn=2.0.0' failed: Error in connection establishment: net::ERR_NAME_NOT_RESOLVED @ webpack-internal:///(app-pages-browser)/./node_modules/@supabase/phoenix/priv/static/phoenix.mjs:1441
[ 5080758ms] [ERROR] WebSocket connection to 'wss://example.supabase.co/realtime/v1/websocket?apikey=public-anon-key&vsn=2.0.0' failed: Error in connection establishment: net::ERR_NAME_NOT_RESOLVED @ webpack-internal:///(app-pages-browser)/./node_modules/@supabase/phoenix/priv/static/phoenix.mjs:1441
[ 5090923ms] [ERROR] WebSocket connection to 'wss://example.supabase.co/realtime/v1/websocket?apikey=public-anon-key&vsn=2.0.0' failed: Error in connection establishment: net::ERR_NAME_NOT_RESOLVED @ webpack-internal:///(app-pages-browser)/./node_modules/@supabase/phoenix/priv/static/phoenix.mjs:1441
[ 5101037ms] [ERROR] WebSocket connection to 'wss://example.supabase.co/realtime/v1/websocket?apikey=public-anon-key&vsn=2.0.0' failed: Error in connection establishment: net::ERR_NAME_NOT_RESOLVED @ webpack-internal:///(app-pages-browser)/./node_modules/@supabase/phoenix/priv/static/phoenix.mjs:1441
[ 5111215ms] [ERROR] WebSocket connection to 'wss://example.supabase.co/realtime/v1/websocket?apikey=public-anon-key&vsn=2.0.0' failed: Error in connection establishment: net::ERR_NAME_NOT_RESOLVED @ webpack-internal:///(app-pages-browser)/./node_modules/@supabase/phoenix/priv/static/phoenix.mjs:1441
[ 5121352ms] [ERROR] WebSocket connection to 'wss://example.supabase.co/realtime/v1/websocket?apikey=public-anon-key&vsn=2.0.0' failed: Error in connection establishment: net::ERR_NAME_NOT_RESOLVED @ webpack-internal:///(app-pages-browser)/./node_modules/@supabase/phoenix/priv/static/phoenix.mjs:1441
[ 5131481ms] [ERROR] WebSocket connection to 'wss://example.supabase.co/realtime/v1/websocket?apikey=public-anon-key&vsn=2.0.0' failed: Error in connection establishment: net::ERR_NAME_NOT_RESOLVED @ webpack-internal:///(app-pages-browser)/./node_modules/@supabase/phoenix/priv/static/phoenix.mjs:1441
[ 5141621ms] [ERROR] WebSocket connection to 'wss://example.supabase.co/realtime/v1/websocket?apikey=public-anon-key&vsn=2.0.0' failed: Error in connection establishment: net::ERR_NAME_NOT_RESOLVED @ webpack-internal:///(app-pages-browser)/./node_modules/@supabase/phoenix/priv/static/phoenix.mjs:1441
[ 5151874ms] [ERROR] WebSocket connection to 'wss://example.supabase.co/realtime/v1/websocket?apikey=public-anon-key&vsn=2.0.0' failed: Error in connection establishment: net::ERR_NAME_NOT_RESOLVED @ webpack-internal:///(app-pages-browser)/./node_modules/@supabase/phoenix/priv/static/phoenix.mjs:1441
[ 5162064ms] [ERROR] WebSocket connection to 'wss://example.supabase.co/realtime/v1/websocket?apikey=public-anon-key&vsn=2.0.0' failed: Error in connection establishment: net::ERR_NAME_NOT_RESOLVED @ webpack-internal:///(app-pages-browser)/./node_modules/@supabase/phoenix/priv/static/phoenix.mjs:1441
[ 5172179ms] [ERROR] WebSocket connection to 'wss://example.supabase.co/realtime/v1/websocket?apikey=public-anon-key&vsn=2.0.0' failed: Error in connection establishment: net::ERR_NAME_NOT_RESOLVED @ webpack-internal:///(app-pages-browser)/./node_modules/@supabase/phoenix/priv/static/phoenix.mjs:1441
[ 5182325ms] [ERROR] WebSocket connection to 'wss://example.supabase.co/realtime/v1/websocket?apikey=public-anon-key&vsn=2.0.0' failed: Error in connection establishment: net::ERR_NAME_NOT_RESOLVED @ webpack-internal:///(app-pages-browser)/./node_modules/@supabase/phoenix/priv/static/phoenix.mjs:1441
[ 5192485ms] [ERROR] WebSocket connection to 'wss://example.supabase.co/realtime/v1/websocket?apikey=public-anon-key&vsn=2.0.0' failed: Error in connection establishment: net::ERR_NAME_NOT_RESOLVED @ webpack-internal:///(app-pages-browser)/./node_modules/@supabase/phoenix/priv/static/phoenix.mjs:1441
[ 5202660ms] [ERROR] WebSocket connection to 'wss://example.supabase.co/realtime/v1/websocket?apikey=public-anon-key&vsn=2.0.0' failed: Error in connection establishment: net::ERR_NAME_NOT_RESOLVED @ webpack-internal:///(app-pages-browser)/./node_modules/@supabase/phoenix/priv/static/phoenix.mjs:1441
[ 5212775ms] [ERROR] WebSocket connection to 'wss://example.supabase.co/realtime/v1/websocket?apikey=public-anon-key&vsn=2.0.0' failed: Error in connection establishment: net::ERR_NAME_NOT_RESOLVED @ webpack-internal:///(app-pages-browser)/./node_modules/@supabase/phoenix/priv/static/phoenix.mjs:1441
[ 5222889ms] [ERROR] WebSocket connection to 'wss://example.supabase.co/realtime/v1/websocket?apikey=public-anon-key&vsn=2.0.0' failed: Error in connection establishment: net::ERR_NAME_NOT_RESOLVED @ webpack-internal:///(app-pages-browser)/./node_modules/@supabase/phoenix/priv/static/phoenix.mjs:1441
[ 5232979ms] [ERROR] WebSocket connection to 'wss://example.supabase.co/realtime/v1/websocket?apikey=public-anon-key&vsn=2.0.0' failed: Error in connection establishment: net::ERR_NAME_NOT_RESOLVED @ webpack-internal:///(app-pages-browser)/./node_modules/@supabase/phoenix/priv/static/phoenix.mjs:1441
[ 5243164ms] [ERROR] WebSocket connection to 'wss://example.supabase.co/realtime/v1/websocket?apikey=public-anon-key&vsn=2.0.0' failed: Error in connection establishment: net::ERR_NAME_NOT_RESOLVED @ webpack-internal:///(app-pages-browser)/./node_modules/@supabase/phoenix/priv/static/phoenix.mjs:1441
[ 5253304ms] [ERROR] WebSocket connection to 'wss://example.supabase.co/realtime/v1/websocket?apikey=public-anon-key&vsn=2.0.0' failed: Error in connection establishment: net::ERR_NAME_NOT_RESOLVED @ webpack-internal:///(app-pages-browser)/./node_modules/@supabase/phoenix/priv/static/phoenix.mjs:1441
[ 5263452ms] [ERROR] WebSocket connection to 'wss://example.supabase.co/realtime/v1/websocket?apikey=public-anon-key&vsn=2.0.0' failed: Error in connection establishment: net::ERR_NAME_NOT_RESOLVED @ webpack-internal:///(app-pages-browser)/./node_modules/@supabase/phoenix/priv/static/phoenix.mjs:1441
[ 5273686ms] [ERROR] WebSocket connection to 'wss://example.supabase.co/realtime/v1/websocket?apikey=public-anon-key&vsn=2.0.0' failed: Error in connection establishment: net::ERR_NAME_NOT_RESOLVED @ webpack-internal:///(app-pages-browser)/./node_modules/@supabase/phoenix/priv/static/phoenix.mjs:1441
[ 5284107ms] [ERROR] WebSocket connection to 'wss://example.supabase.co/realtime/v1/websocket?apikey=public-anon-key&vsn=2.0.0' failed: Error in connection establishment: net::ERR_NAME_NOT_RESOLVED @ webpack-internal:///(app-pages-browser)/./node_modules/@supabase/phoenix/priv/static/phoenix.mjs:1441
[ 5294157ms] [ERROR] WebSocket connection to 'wss://example.supabase.co/realtime/v1/websocket?apikey=public-anon-key&vsn=2.0.0' failed: Error in connection establishment: net::ERR_NAME_NOT_RESOLVED @ webpack-internal:///(app-pages-browser)/./node_modules/@supabase/phoenix/priv/static/phoenix.mjs:1441
[ 5304329ms] [ERROR] WebSocket connection to 'wss://example.supabase.co/realtime/v1/websocket?apikey=public-anon-key&vsn=2.0.0' failed: Error in connection establishment: net::ERR_NAME_NOT_RESOLVED @ webpack-internal:///(app-pages-browser)/./node_modules/@supabase/phoenix/priv/static/phoenix.mjs:1441
[ 5314435ms] [ERROR] WebSocket connection to 'wss://example.supabase.co/realtime/v1/websocket?apikey=public-anon-key&vsn=2.0.0' failed: Error in connection establishment: net::ERR_NAME_NOT_RESOLVED @ webpack-internal:///(app-pages-browser)/./node_modules/@supabase/phoenix/priv/static/phoenix.mjs:1441
[ 5324605ms] [ERROR] WebSocket connection to 'wss://example.supabase.co/realtime/v1/websocket?apikey=public-anon-key&vsn=2.0.0' failed: Error in connection establishment: net::ERR_NAME_NOT_RESOLVED @ webpack-internal:///(app-pages-browser)/./node_modules/@supabase/phoenix/priv/static/phoenix.mjs:1441
[ 5334754ms] [ERROR] WebSocket connection to 'wss://example.supabase.co/realtime/v1/websocket?apikey=public-anon-key&vsn=2.0.0' failed: Error in connection establishment: net::ERR_NAME_NOT_RESOLVED @ webpack-internal:///(app-pages-browser)/./node_modules/@supabase/phoenix/priv/static/phoenix.mjs:1441
[ 5344932ms] [ERROR] WebSocket connection to 'wss://example.supabase.co/realtime/v1/websocket?apikey=public-anon-key&vsn=2.0.0' failed: Error in connection establishment: net::ERR_NAME_NOT_RESOLVED @ webpack-internal:///(app-pages-browser)/./node_modules/@supabase/phoenix/priv/static/phoenix.mjs:1441
[ 5354977ms] [ERROR] WebSocket connection to 'wss://example.supabase.co/realtime/v1/websocket?apikey=public-anon-key&vsn=2.0.0' failed: Error in connection establishment: net::ERR_NAME_NOT_RESOLVED @ webpack-internal:///(app-pages-browser)/./node_modules/@supabase/phoenix/priv/static/phoenix.mjs:1441
[ 5365710ms] [ERROR] WebSocket connection to 'wss://example.supabase.co/realtime/v1/websocket?apikey=public-anon-key&vsn=2.0.0' failed: Error in connection establishment: net::ERR_NAME_NOT_RESOLVED @ webpack-internal:///(app-pages-browser)/./node_modules/@supabase/phoenix/priv/static/phoenix.mjs:1441
[ 5375892ms] [ERROR] WebSocket connection to 'wss://example.supabase.co/realtime/v1/websocket?apikey=public-anon-key&vsn=2.0.0' failed: Error in connection establishment: net::ERR_NAME_NOT_RESOLVED @ webpack-internal:///(app-pages-browser)/./node_modules/@supabase/phoenix/priv/static/phoenix.mjs:1441
[ 5386052ms] [ERROR] WebSocket connection to 'wss://example.supabase.co/realtime/v1/websocket?apikey=public-anon-key&vsn=2.0.0' failed: Error in connection establishment: net::ERR_NAME_NOT_RESOLVED @ webpack-internal:///(app-pages-browser)/./node_modules/@supabase/phoenix/priv/static/phoenix.mjs:1441
[ 5396259ms] [ERROR] WebSocket connection to 'wss://example.supabase.co/realtime/v1/websocket?apikey=public-anon-key&vsn=2.0.0' failed: Error in connection establishment: net::ERR_NAME_NOT_RESOLVED @ webpack-internal:///(app-pages-browser)/./node_modules/@supabase/phoenix/priv/static/phoenix.mjs:1441
[ 5406647ms] [ERROR] WebSocket connection to 'wss://example.supabase.co/realtime/v1/websocket?apikey=public-anon-key&vsn=2.0.0' failed: Error in connection establishment: net::ERR_NAME_NOT_RESOLVED @ webpack-internal:///(app-pages-browser)/./node_modules/@supabase/phoenix/priv/static/phoenix.mjs:1441
[ 5416761ms] [ERROR] WebSocket connection to 'wss://example.supabase.co/realtime/v1/websocket?apikey=public-anon-key&vsn=2.0.0' failed: Error in connection establishment: net::ERR_NAME_NOT_RESOLVED @ webpack-internal:///(app-pages-browser)/./node_modules/@supabase/phoenix/priv/static/phoenix.mjs:1441
[ 5426875ms] [ERROR] WebSocket connection to 'wss://example.supabase.co/realtime/v1/websocket?apikey=public-anon-key&vsn=2.0.0' failed: Error in connection establishment: net::ERR_NAME_NOT_RESOLVED @ webpack-internal:///(app-pages-browser)/./node_modules/@supabase/phoenix/priv/static/phoenix.mjs:1441
[ 5437058ms] [ERROR] WebSocket connection to 'wss://example.supabase.co/realtime/v1/websocket?apikey=public-anon-key&vsn=2.0.0' failed: Error in connection establishment: net::ERR_NAME_NOT_RESOLVED @ webpack-internal:///(app-pages-browser)/./node_modules/@supabase/phoenix/priv/static/phoenix.mjs:1441
[ 5447256ms] [ERROR] WebSocket connection to 'wss://example.supabase.co/realtime/v1/websocket?apikey=public-anon-key&vsn=2.0.0' failed: Error in connection establishment: net::ERR_NAME_NOT_RESOLVED @ webpack-internal:///(app-pages-browser)/./node_modules/@supabase/phoenix/priv/static/phoenix.mjs:1441
[ 5457422ms] [ERROR] WebSocket connection to 'wss://example.supabase.co/realtime/v1/websocket?apikey=public-anon-key&vsn=2.0.0' failed: Error in connection establishment: net::ERR_NAME_NOT_RESOLVED @ webpack-internal:///(app-pages-browser)/./node_modules/@supabase/phoenix/priv/static/phoenix.mjs:1441
[ 5467542ms] [ERROR] WebSocket connection to 'wss://example.supabase.co/realtime/v1/websocket?apikey=public-anon-key&vsn=2.0.0' failed: Error in connection establishment: net::ERR_NAME_NOT_RESOLVED @ webpack-internal:///(app-pages-browser)/./node_modules/@supabase/phoenix/priv/static/phoenix.mjs:1441
[ 5477659ms] [ERROR] WebSocket connection to 'wss://example.supabase.co/realtime/v1/websocket?apikey=public-anon-key&vsn=2.0.0' failed: Error in connection establishment: net::ERR_NAME_NOT_RESOLVED @ webpack-internal:///(app-pages-browser)/./node_modules/@supabase/phoenix/priv/static/phoenix.mjs:1441
[ 5487784ms] [ERROR] WebSocket connection to 'wss://example.supabase.co/realtime/v1/websocket?apikey=public-anon-key&vsn=2.0.0' failed: Error in connection establishment: net::ERR_NAME_NOT_RESOLVED @ webpack-internal:///(app-pages-browser)/./node_modules/@supabase/phoenix/priv/static/phoenix.mjs:1441
[ 5497912ms] [ERROR] WebSocket connection to 'wss://example.supabase.co/realtime/v1/websocket?apikey=public-anon-key&vsn=2.0.0' failed: Error in connection establishment: net::ERR_NAME_NOT_RESOLVED @ webpack-internal:///(app-pages-browser)/./node_modules/@supabase/phoenix/priv/static/phoenix.mjs:1441
[ 5508108ms] [ERROR] WebSocket connection to 'wss://example.supabase.co/realtime/v1/websocket?apikey=public-anon-key&vsn=2.0.0' failed: Error in connection establishment: net::ERR_NAME_NOT_RESOLVED @ webpack-internal:///(app-pages-browser)/./node_modules/@supabase/phoenix/priv/static/phoenix.mjs:1441
[ 5518383ms] [ERROR] WebSocket connection to 'wss://example.supabase.co/realtime/v1/websocket?apikey=public-anon-key&vsn=2.0.0' failed: Error in connection establishment: net::ERR_NAME_NOT_RESOLVED @ webpack-internal:///(app-pages-browser)/./node_modules/@supabase/phoenix/priv/static/phoenix.mjs:1441
[ 5528736ms] [ERROR] WebSocket connection to 'wss://example.supabase.co/realtime/v1/websocket?apikey=public-anon-key&vsn=2.0.0' failed: Error in connection establishment: net::ERR_NAME_NOT_RESOLVED @ webpack-internal:///(app-pages-browser)/./node_modules/@supabase/phoenix/priv/static/phoenix.mjs:1441
[ 5538897ms] [ERROR] WebSocket connection to 'wss://example.supabase.co/realtime/v1/websocket?apikey=public-anon-key&vsn=2.0.0' failed: Error in connection establishment: net::ERR_NAME_NOT_RESOLVED @ webpack-internal:///(app-pages-browser)/./node_modules/@supabase/phoenix/priv/static/phoenix.mjs:1441
[ 5549072ms] [ERROR] WebSocket connection to 'wss://example.supabase.co/realtime/v1/websocket?apikey=public-anon-key&vsn=2.0.0' failed: Error in connection establishment: net::ERR_NAME_NOT_RESOLVED @ webpack-internal:///(app-pages-browser)/./node_modules/@supabase/phoenix/priv/static/phoenix.mjs:1441
[ 5559230ms] [ERROR] WebSocket connection to 'wss://example.supabase.co/realtime/v1/websocket?apikey=public-anon-key&vsn=2.0.0' failed: Error in connection establishment: net::ERR_NAME_NOT_RESOLVED @ webpack-internal:///(app-pages-browser)/./node_modules/@supabase/phoenix/priv/static/phoenix.mjs:1441
[ 5569408ms] [ERROR] WebSocket connection to 'wss://example.supabase.co/realtime/v1/websocket?apikey=public-anon-key&vsn=2.0.0' failed: Error in connection establishment: net::ERR_NAME_NOT_RESOLVED @ webpack-internal:///(app-pages-browser)/./node_modules/@supabase/phoenix/priv/static/phoenix.mjs:1441
[ 5579563ms] [ERROR] WebSocket connection to 'wss://example.supabase.co/realtime/v1/websocket?apikey=public-anon-key&vsn=2.0.0' failed: Error in connection establishment: net::ERR_NAME_NOT_RESOLVED @ webpack-internal:///(app-pages-browser)/./node_modules/@supabase/phoenix/priv/static/phoenix.mjs:1441
[ 5589730ms] [ERROR] WebSocket connection to 'wss://example.supabase.co/realtime/v1/websocket?apikey=public-anon-key&vsn=2.0.0' failed: Error in connection establishment: net::ERR_NAME_NOT_RESOLVED @ webpack-internal:///(app-pages-browser)/./node_modules/@supabase/phoenix/priv/static/phoenix.mjs:1441
[ 5599896ms] [ERROR] WebSocket connection to 'wss://example.supabase.co/realtime/v1/websocket?apikey=public-anon-key&vsn=2.0.0' failed: Error in connection establishment: net::ERR_NAME_NOT_RESOLVED @ webpack-internal:///(app-pages-browser)/./node_modules/@supabase/phoenix/priv/static/phoenix.mjs:1441
[ 5610126ms] [ERROR] WebSocket connection to 'wss://example.supabase.co/realtime/v1/websocket?apikey=public-anon-key&vsn=2.0.0' failed: Error in connection establishment: net::ERR_NAME_NOT_RESOLVED @ webpack-internal:///(app-pages-browser)/./node_modules/@supabase/phoenix/priv/static/phoenix.mjs:1441
[ 5620265ms] [ERROR] WebSocket connection to 'wss://example.supabase.co/realtime/v1/websocket?apikey=public-anon-key&vsn=2.0.0' failed: Error in connection establishment: net::ERR_NAME_NOT_RESOLVED @ webpack-internal:///(app-pages-browser)/./node_modules/@supabase/phoenix/priv/static/phoenix.mjs:1441
[ 5630492ms] [ERROR] WebSocket connection to 'wss://example.supabase.co/realtime/v1/websocket?apikey=public-anon-key&vsn=2.0.0' failed: Error in connection establishment: net::ERR_NAME_NOT_RESOLVED @ webpack-internal:///(app-pages-browser)/./node_modules/@supabase/phoenix/priv/static/phoenix.mjs:1441
[ 5640694ms] [ERROR] WebSocket connection to 'wss://example.supabase.co/realtime/v1/websocket?apikey=public-anon-key&vsn=2.0.0' failed: Error in connection establishment: net::ERR_NAME_NOT_RESOLVED @ webpack-internal:///(app-pages-browser)/./node_modules/@supabase/phoenix/priv/static/phoenix.mjs:1441
[ 5651204ms] [ERROR] WebSocket connection to 'wss://example.supabase.co/realtime/v1/websocket?apikey=public-anon-key&vsn=2.0.0' failed: Error in connection establishment: net::ERR_NAME_NOT_RESOLVED @ webpack-internal:///(app-pages-browser)/./node_modules/@supabase/phoenix/priv/static/phoenix.mjs:1441
[ 5661302ms] [ERROR] WebSocket connection to 'wss://example.supabase.co/realtime/v1/websocket?apikey=public-anon-key&vsn=2.0.0' failed: Error in connection establishment: net::ERR_NAME_NOT_RESOLVED @ webpack-internal:///(app-pages-browser)/./node_modules/@supabase/phoenix/priv/static/phoenix.mjs:1441
[ 5671416ms] [ERROR] WebSocket connection to 'wss://example.supabase.co/realtime/v1/websocket?apikey=public-anon-key&vsn=2.0.0' failed: Error in connection establishment: net::ERR_NAME_NOT_RESOLVED @ webpack-internal:///(app-pages-browser)/./node_modules/@supabase/phoenix/priv/static/phoenix.mjs:1441
[ 5681599ms] [ERROR] WebSocket connection to 'wss://example.supabase.co/realtime/v1/websocket?apikey=public-anon-key&vsn=2.0.0' failed: Error in connection establishment: net::ERR_NAME_NOT_RESOLVED @ webpack-internal:///(app-pages-browser)/./node_modules/@supabase/phoenix/priv/static/phoenix.mjs:1441
[ 5691849ms] [ERROR] WebSocket connection to 'wss://example.supabase.co/realtime/v1/websocket?apikey=public-anon-key&vsn=2.0.0' failed: Error in connection establishment: net::ERR_NAME_NOT_RESOLVED @ webpack-internal:///(app-pages-browser)/./node_modules/@supabase/phoenix/priv/static/phoenix.mjs:1441
[ 5702019ms] [ERROR] WebSocket connection to 'wss://example.supabase.co/realtime/v1/websocket?apikey=public-anon-key&vsn=2.0.0' failed: Error in connection establishment: net::ERR_NAME_NOT_RESOLVED @ webpack-internal:///(app-pages-browser)/./node_modules/@supabase/phoenix/priv/static/phoenix.mjs:1441
[ 5712072ms] [ERROR] WebSocket connection to 'wss://example.supabase.co/realtime/v1/websocket?apikey=public-anon-key&vsn=2.0.0' failed: Error in connection establishment: net::ERR_NAME_NOT_RESOLVED @ webpack-internal:///(app-pages-browser)/./node_modules/@supabase/phoenix/priv/static/phoenix.mjs:1441
[ 5722243ms] [ERROR] WebSocket connection to 'wss://example.supabase.co/realtime/v1/websocket?apikey=public-anon-key&vsn=2.0.0' failed: Error in connection establishment: net::ERR_NAME_NOT_RESOLVED @ webpack-internal:///(app-pages-browser)/./node_modules/@supabase/phoenix/priv/static/phoenix.mjs:1441
[ 5732419ms] [ERROR] WebSocket connection to 'wss://example.supabase.co/realtime/v1/websocket?apikey=public-anon-key&vsn=2.0.0' failed: Error in connection establishment: net::ERR_NAME_NOT_RESOLVED @ webpack-internal:///(app-pages-browser)/./node_modules/@supabase/phoenix/priv/static/phoenix.mjs:1441
[ 5742546ms] [ERROR] WebSocket connection to 'wss://example.supabase.co/realtime/v1/websocket?apikey=public-anon-key&vsn=2.0.0' failed: Error in connection establishment: net::ERR_NAME_NOT_RESOLVED @ webpack-internal:///(app-pages-browser)/./node_modules/@supabase/phoenix/priv/static/phoenix.mjs:1441
[ 5752671ms] [ERROR] WebSocket connection to 'wss://example.supabase.co/realtime/v1/websocket?apikey=public-anon-key&vsn=2.0.0' failed: Error in connection establishment: net::ERR_NAME_NOT_RESOLVED @ webpack-internal:///(app-pages-browser)/./node_modules/@supabase/phoenix/priv/static/phoenix.mjs:1441
[ 5762915ms] [ERROR] WebSocket connection to 'wss://example.supabase.co/realtime/v1/websocket?apikey=public-anon-key&vsn=2.0.0' failed: Error in connection establishment: net::ERR_NAME_NOT_RESOLVED @ webpack-internal:///(app-pages-browser)/./node_modules/@supabase/phoenix/priv/static/phoenix.mjs:1441
[ 5773262ms] [ERROR] WebSocket connection to 'wss://example.supabase.co/realtime/v1/websocket?apikey=public-anon-key&vsn=2.0.0' failed: Error in connection establishment: net::ERR_NAME_NOT_RESOLVED @ webpack-internal:///(app-pages-browser)/./node_modules/@supabase/phoenix/priv/static/phoenix.mjs:1441
[ 5783365ms] [ERROR] WebSocket connection to 'wss://example.supabase.co/realtime/v1/websocket?apikey=public-anon-key&vsn=2.0.0' failed: Error in connection establishment: net::ERR_NAME_NOT_RESOLVED @ webpack-internal:///(app-pages-browser)/./node_modules/@supabase/phoenix/priv/static/phoenix.mjs:1441
[ 5793470ms] [ERROR] WebSocket connection to 'wss://example.supabase.co/realtime/v1/websocket?apikey=public-anon-key&vsn=2.0.0' failed: Error in connection establishment: net::ERR_NAME_NOT_RESOLVED @ webpack-internal:///(app-pages-browser)/./node_modules/@supabase/phoenix/priv/static/phoenix.mjs:1441
[ 5803642ms] [ERROR] WebSocket connection to 'wss://example.supabase.co/realtime/v1/websocket?apikey=public-anon-key&vsn=2.0.0' failed: Error in connection establishment: net::ERR_NAME_NOT_RESOLVED @ webpack-internal:///(app-pages-browser)/./node_modules/@supabase/phoenix/priv/static/phoenix.mjs:1441
[ 5813742ms] [ERROR] WebSocket connection to 'wss://example.supabase.co/realtime/v1/websocket?apikey=public-anon-key&vsn=2.0.0' failed: Error in connection establishment: net::ERR_NAME_NOT_RESOLVED @ webpack-internal:///(app-pages-browser)/./node_modules/@supabase/phoenix/priv/static/phoenix.mjs:1441
[ 5823859ms] [ERROR] WebSocket connection to 'wss://example.supabase.co/realtime/v1/websocket?apikey=public-anon-key&vsn=2.0.0' failed: Error in connection establishment: net::ERR_NAME_NOT_RESOLVED @ webpack-internal:///(app-pages-browser)/./node_modules/@supabase/phoenix/priv/static/phoenix.mjs:1441
[ 5833970ms] [ERROR] WebSocket connection to 'wss://example.supabase.co/realtime/v1/websocket?apikey=public-anon-key&vsn=2.0.0' failed: Error in connection establishment: net::ERR_NAME_NOT_RESOLVED @ webpack-internal:///(app-pages-browser)/./node_modules/@supabase/phoenix/priv/static/phoenix.mjs:1441
[ 5844079ms] [ERROR] WebSocket connection to 'wss://example.supabase.co/realtime/v1/websocket?apikey=public-anon-key&vsn=2.0.0' failed: Error in connection establishment: net::ERR_NAME_NOT_RESOLVED @ webpack-internal:///(app-pages-browser)/./node_modules/@supabase/phoenix/priv/static/phoenix.mjs:1441
[ 5854228ms] [ERROR] WebSocket connection to 'wss://example.supabase.co/realtime/v1/websocket?apikey=public-anon-key&vsn=2.0.0' failed: Error in connection establishment: net::ERR_NAME_NOT_RESOLVED @ webpack-internal:///(app-pages-browser)/./node_modules/@supabase/phoenix/priv/static/phoenix.mjs:1441
[ 5864401ms] [ERROR] WebSocket connection to 'wss://example.supabase.co/realtime/v1/websocket?apikey=public-anon-key&vsn=2.0.0' failed: Error in connection establishment: net::ERR_NAME_NOT_RESOLVED @ webpack-internal:///(app-pages-browser)/./node_modules/@supabase/phoenix/priv/static/phoenix.mjs:1441
[ 5874614ms] [ERROR] WebSocket connection to 'wss://example.supabase.co/realtime/v1/websocket?apikey=public-anon-key&vsn=2.0.0' failed: Error in connection establishment: net::ERR_NAME_NOT_RESOLVED @ webpack-internal:///(app-pages-browser)/./node_modules/@supabase/phoenix/priv/static/phoenix.mjs:1441
[ 5884859ms] [ERROR] WebSocket connection to 'wss://example.supabase.co/realtime/v1/websocket?apikey=public-anon-key&vsn=2.0.0' failed: Error in connection establishment: net::ERR_NAME_NOT_RESOLVED @ webpack-internal:///(app-pages-browser)/./node_modules/@supabase/phoenix/priv/static/phoenix.mjs:1441
[ 5895077ms] [ERROR] WebSocket connection to 'wss://example.supabase.co/realtime/v1/websocket?apikey=public-anon-key&vsn=2.0.0' failed: Error in connection establishment: net::ERR_NAME_NOT_RESOLVED @ webpack-internal:///(app-pages-browser)/./node_modules/@supabase/phoenix/priv/static/phoenix.mjs:1441
[ 5905251ms] [ERROR] WebSocket connection to 'wss://example.supabase.co/realtime/v1/websocket?apikey=public-anon-key&vsn=2.0.0' failed: Error in connection establishment: net::ERR_NAME_NOT_RESOLVED @ webpack-internal:///(app-pages-browser)/./node_modules/@supabase/phoenix/priv/static/phoenix.mjs:1441
[ 5915366ms] [ERROR] WebSocket connection to 'wss://example.supabase.co/realtime/v1/websocket?apikey=public-anon-key&vsn=2.0.0' failed: Error in connection establishment: net::ERR_NAME_NOT_RESOLVED @ webpack-internal:///(app-pages-browser)/./node_modules/@supabase/phoenix/priv/static/phoenix.mjs:1441
[ 5925534ms] [ERROR] WebSocket connection to 'wss://example.supabase.co/realtime/v1/websocket?apikey=public-anon-key&vsn=2.0.0' failed: Error in connection establishment: net::ERR_NAME_NOT_RESOLVED @ webpack-internal:///(app-pages-browser)/./node_modules/@supabase/phoenix/priv/static/phoenix.mjs:1441
[ 5935776ms] [ERROR] WebSocket connection to 'wss://example.supabase.co/realtime/v1/websocket?apikey=public-anon-key&vsn=2.0.0' failed: Error in connection establishment: net::ERR_NAME_NOT_RESOLVED @ webpack-internal:///(app-pages-browser)/./node_modules/@supabase/phoenix/priv/static/phoenix.mjs:1441
[ 5945885ms] [ERROR] WebSocket connection to 'wss://example.supabase.co/realtime/v1/websocket?apikey=public-anon-key&vsn=2.0.0' failed: Error in connection establishment: net::ERR_NAME_NOT_RESOLVED @ webpack-internal:///(app-pages-browser)/./node_modules/@supabase/phoenix/priv/static/phoenix.mjs:1441
[ 5956039ms] [ERROR] WebSocket connection to 'wss://example.supabase.co/realtime/v1/websocket?apikey=public-anon-key&vsn=2.0.0' failed: Error in connection establishment: net::ERR_NAME_NOT_RESOLVED @ webpack-internal:///(app-pages-browser)/./node_modules/@supabase/phoenix/priv/static/phoenix.mjs:1441
[ 5966206ms] [ERROR] WebSocket connection to 'wss://example.supabase.co/realtime/v1/websocket?apikey=public-anon-key&vsn=2.0.0' failed: Error in connection establishment: net::ERR_NAME_NOT_RESOLVED @ webpack-internal:///(app-pages-browser)/./node_modules/@supabase/phoenix/priv/static/phoenix.mjs:1441
[ 5976401ms] [ERROR] WebSocket connection to 'wss://example.supabase.co/realtime/v1/websocket?apikey=public-anon-key&vsn=2.0.0' failed: Error in connection establishment: net::ERR_NAME_NOT_RESOLVED @ webpack-internal:///(app-pages-browser)/./node_modules/@supabase/phoenix/priv/static/phoenix.mjs:1441
[ 5986569ms] [ERROR] WebSocket connection to 'wss://example.supabase.co/realtime/v1/websocket?apikey=public-anon-key&vsn=2.0.0' failed: Error in connection establishment: net::ERR_NAME_NOT_RESOLVED @ webpack-internal:///(app-pages-browser)/./node_modules/@supabase/phoenix/priv/static/phoenix.mjs:1441
[ 5996822ms] [ERROR] WebSocket connection to 'wss://example.supabase.co/realtime/v1/websocket?apikey=public-anon-key&vsn=2.0.0' failed: Error in connection establishment: net::ERR_NAME_NOT_RESOLVED @ webpack-internal:///(app-pages-browser)/./node_modules/@supabase/phoenix/priv/static/phoenix.mjs:1441
[ 6007070ms] [ERROR] WebSocket connection to 'wss://example.supabase.co/realtime/v1/websocket?apikey=public-anon-key&vsn=2.0.0' failed: Error in connection establishment: net::ERR_NAME_NOT_RESOLVED @ webpack-internal:///(app-pages-browser)/./node_modules/@supabase/phoenix/priv/static/phoenix.mjs:1441
[ 6017407ms] [ERROR] WebSocket connection to 'wss://example.supabase.co/realtime/v1/websocket?apikey=public-anon-key&vsn=2.0.0' failed: Error in connection establishment: net::ERR_NAME_NOT_RESOLVED @ webpack-internal:///(app-pages-browser)/./node_modules/@supabase/phoenix/priv/static/phoenix.mjs:1441
[ 6027513ms] [ERROR] WebSocket connection to 'wss://example.supabase.co/realtime/v1/websocket?apikey=public-anon-key&vsn=2.0.0' failed: Error in connection establishment: net::ERR_NAME_NOT_RESOLVED @ webpack-internal:///(app-pages-browser)/./node_modules/@supabase/phoenix/priv/static/phoenix.mjs:1441
[ 6037624ms] [ERROR] WebSocket connection to 'wss://example.supabase.co/realtime/v1/websocket?apikey=public-anon-key&vsn=2.0.0' failed: Error in connection establishment: net::ERR_NAME_NOT_RESOLVED @ webpack-internal:///(app-pages-browser)/./node_modules/@supabase/phoenix/priv/static/phoenix.mjs:1441
[ 6047798ms] [ERROR] WebSocket connection to 'wss://example.supabase.co/realtime/v1/websocket?apikey=public-anon-key&vsn=2.0.0' failed: Error in connection establishment: net::ERR_NAME_NOT_RESOLVED @ webpack-internal:///(app-pages-browser)/./node_modules/@supabase/phoenix/priv/static/phoenix.mjs:1441
[ 6057965ms] [ERROR] WebSocket connection to 'wss://example.supabase.co/realtime/v1/websocket?apikey=public-anon-key&vsn=2.0.0' failed: Error in connection establishment: net::ERR_NAME_NOT_RESOLVED @ webpack-internal:///(app-pages-browser)/./node_modules/@supabase/phoenix/priv/static/phoenix.mjs:1441
[ 6068077ms] [ERROR] WebSocket connection to 'wss://example.supabase.co/realtime/v1/websocket?apikey=public-anon-key&vsn=2.0.0' failed: Error in connection establishment: net::ERR_NAME_NOT_RESOLVED @ webpack-internal:///(app-pages-browser)/./node_modules/@supabase/phoenix/priv/static/phoenix.mjs:1441
[ 6078245ms] [ERROR] WebSocket connection to 'wss://example.supabase.co/realtime/v1/websocket?apikey=public-anon-key&vsn=2.0.0' failed: Error in connection establishment: net::ERR_NAME_NOT_RESOLVED @ webpack-internal:///(app-pages-browser)/./node_modules/@supabase/phoenix/priv/static/phoenix.mjs:1441
[ 6088342ms] [ERROR] WebSocket connection to 'wss://example.supabase.co/realtime/v1/websocket?apikey=public-anon-key&vsn=2.0.0' failed: Error in connection establishment: net::ERR_NAME_NOT_RESOLVED @ webpack-internal:///(app-pages-browser)/./node_modules/@supabase/phoenix/priv/static/phoenix.mjs:1441
[ 6098482ms] [ERROR] WebSocket connection to 'wss://example.supabase.co/realtime/v1/websocket?apikey=public-anon-key&vsn=2.0.0' failed: Error in connection establishment: net::ERR_NAME_NOT_RESOLVED @ webpack-internal:///(app-pages-browser)/./node_modules/@supabase/phoenix/priv/static/phoenix.mjs:1441
[ 6108683ms] [ERROR] WebSocket connection to 'wss://example.supabase.co/realtime/v1/websocket?apikey=public-anon-key&vsn=2.0.0' failed: Error in connection establishment: net::ERR_NAME_NOT_RESOLVED @ webpack-internal:///(app-pages-browser)/./node_modules/@supabase/phoenix/priv/static/phoenix.mjs:1441
[ 6118809ms] [ERROR] WebSocket connection to 'wss://example.supabase.co/realtime/v1/websocket?apikey=public-anon-key&vsn=2.0.0' failed: Error in connection establishment: net::ERR_NAME_NOT_RESOLVED @ webpack-internal:///(app-pages-browser)/./node_modules/@supabase/phoenix/priv/static/phoenix.mjs:1441
[ 6129039ms] [ERROR] WebSocket connection to 'wss://example.supabase.co/realtime/v1/websocket?apikey=public-anon-key&vsn=2.0.0' failed: Error in connection establishment: net::ERR_NAME_NOT_RESOLVED @ webpack-internal:///(app-pages-browser)/./node_modules/@supabase/phoenix/priv/static/phoenix.mjs:1441
[ 6139515ms] [ERROR] WebSocket connection to 'wss://example.supabase.co/realtime/v1/websocket?apikey=public-anon-key&vsn=2.0.0' failed: Error in connection establishment: net::ERR_NAME_NOT_RESOLVED @ webpack-internal:///(app-pages-browser)/./node_modules/@supabase/phoenix/priv/static/phoenix.mjs:1441
[ 6149683ms] [ERROR] WebSocket connection to 'wss://example.supabase.co/realtime/v1/websocket?apikey=public-anon-key&vsn=2.0.0' failed: Error in connection establishment: net::ERR_NAME_NOT_RESOLVED @ webpack-internal:///(app-pages-browser)/./node_modules/@supabase/phoenix/priv/static/phoenix.mjs:1441
[ 6159799ms] [ERROR] WebSocket connection to 'wss://example.supabase.co/realtime/v1/websocket?apikey=public-anon-key&vsn=2.0.0' failed: Error in connection establishment: net::ERR_NAME_NOT_RESOLVED @ webpack-internal:///(app-pages-browser)/./node_modules/@supabase/phoenix/priv/static/phoenix.mjs:1441
[ 6169937ms] [ERROR] WebSocket connection to 'wss://example.supabase.co/realtime/v1/websocket?apikey=public-anon-key&vsn=2.0.0' failed: Error in connection establishment: net::ERR_NAME_NOT_RESOLVED @ webpack-internal:///(app-pages-browser)/./node_modules/@supabase/phoenix/priv/static/phoenix.mjs:1441
[ 6180180ms] [ERROR] WebSocket connection to 'wss://example.supabase.co/realtime/v1/websocket?apikey=public-anon-key&vsn=2.0.0' failed: Error in connection establishment: net::ERR_NAME_NOT_RESOLVED @ webpack-internal:///(app-pages-browser)/./node_modules/@supabase/phoenix/priv/static/phoenix.mjs:1441
[ 6190353ms] [ERROR] WebSocket connection to 'wss://example.supabase.co/realtime/v1/websocket?apikey=public-anon-key&vsn=2.0.0' failed: Error in connection establishment: net::ERR_NAME_NOT_RESOLVED @ webpack-internal:///(app-pages-browser)/./node_modules/@supabase/phoenix/priv/static/phoenix.mjs:1441
[ 6200458ms] [ERROR] WebSocket connection to 'wss://example.supabase.co/realtime/v1/websocket?apikey=public-anon-key&vsn=2.0.0' failed: Error in connection establishment: net::ERR_NAME_NOT_RESOLVED @ webpack-internal:///(app-pages-browser)/./node_modules/@supabase/phoenix/priv/static/phoenix.mjs:1441
[ 6210573ms] [ERROR] WebSocket connection to 'wss://example.supabase.co/realtime/v1/websocket?apikey=public-anon-key&vsn=2.0.0' failed: Error in connection establishment: net::ERR_NAME_NOT_RESOLVED @ webpack-internal:///(app-pages-browser)/./node_modules/@supabase/phoenix/priv/static/phoenix.mjs:1441
[ 6220702ms] [ERROR] WebSocket connection to 'wss://example.supabase.co/realtime/v1/websocket?apikey=public-anon-key&vsn=2.0.0' failed: Error in connection establishment: net::ERR_NAME_NOT_RESOLVED @ webpack-internal:///(app-pages-browser)/./node_modules/@supabase/phoenix/priv/static/phoenix.mjs:1441
[ 6230834ms] [ERROR] WebSocket connection to 'wss://example.supabase.co/realtime/v1/websocket?apikey=public-anon-key&vsn=2.0.0' failed: Error in connection establishment: net::ERR_NAME_NOT_RESOLVED @ webpack-internal:///(app-pages-browser)/./node_modules/@supabase/phoenix/priv/static/phoenix.mjs:1441
[ 6241049ms] [ERROR] WebSocket connection to 'wss://example.supabase.co/realtime/v1/websocket?apikey=public-anon-key&vsn=2.0.0' failed: Error in connection establishment: net::ERR_NAME_NOT_RESOLVED @ webpack-internal:///(app-pages-browser)/./node_modules/@supabase/phoenix/priv/static/phoenix.mjs:1441
[ 6251291ms] [ERROR] WebSocket connection to 'wss://example.supabase.co/realtime/v1/websocket?apikey=public-anon-key&vsn=2.0.0' failed: Error in connection establishment: net::ERR_NAME_NOT_RESOLVED @ webpack-internal:///(app-pages-browser)/./node_modules/@supabase/phoenix/priv/static/phoenix.mjs:1441
[ 6261651ms] [ERROR] WebSocket connection to 'wss://example.supabase.co/realtime/v1/websocket?apikey=public-anon-key&vsn=2.0.0' failed: Error in connection establishment: net::ERR_NAME_NOT_RESOLVED @ webpack-internal:///(app-pages-browser)/./node_modules/@supabase/phoenix/priv/static/phoenix.mjs:1441
[ 6271757ms] [ERROR] WebSocket connection to 'wss://example.supabase.co/realtime/v1/websocket?apikey=public-anon-key&vsn=2.0.0' failed: Error in connection establishment: net::ERR_NAME_NOT_RESOLVED @ webpack-internal:///(app-pages-browser)/./node_modules/@supabase/phoenix/priv/static/phoenix.mjs:1441
[ 6281922ms] [ERROR] WebSocket connection to 'wss://example.supabase.co/realtime/v1/websocket?apikey=public-anon-key&vsn=2.0.0' failed: Error in connection establishment: net::ERR_NAME_NOT_RESOLVED @ webpack-internal:///(app-pages-browser)/./node_modules/@supabase/phoenix/priv/static/phoenix.mjs:1441
[ 6292024ms] [ERROR] WebSocket connection to 'wss://example.supabase.co/realtime/v1/websocket?apikey=public-anon-key&vsn=2.0.0' failed: Error in connection establishment: net::ERR_NAME_NOT_RESOLVED @ webpack-internal:///(app-pages-browser)/./node_modules/@supabase/phoenix/priv/static/phoenix.mjs:1441
[ 6302191ms] [ERROR] WebSocket connection to 'wss://example.supabase.co/realtime/v1/websocket?apikey=public-anon-key&vsn=2.0.0' failed: Error in connection establishment: net::ERR_NAME_NOT_RESOLVED @ webpack-internal:///(app-pages-browser)/./node_modules/@supabase/phoenix/priv/static/phoenix.mjs:1441
[ 6312297ms] [ERROR] WebSocket connection to 'wss://example.supabase.co/realtime/v1/websocket?apikey=public-anon-key&vsn=2.0.0' failed: Error in connection establishment: net::ERR_NAME_NOT_RESOLVED @ webpack-internal:///(app-pages-browser)/./node_modules/@supabase/phoenix/priv/static/phoenix.mjs:1441
[ 6322390ms] [ERROR] WebSocket connection to 'wss://example.supabase.co/realtime/v1/websocket?apikey=public-anon-key&vsn=2.0.0' failed: Error in connection establishment: net::ERR_NAME_NOT_RESOLVED @ webpack-internal:///(app-pages-browser)/./node_modules/@supabase/phoenix/priv/static/phoenix.mjs:1441
[ 6332571ms] [ERROR] WebSocket connection to 'wss://example.supabase.co/realtime/v1/websocket?apikey=public-anon-key&vsn=2.0.0' failed: Error in connection establishment: net::ERR_NAME_NOT_RESOLVED @ webpack-internal:///(app-pages-browser)/./node_modules/@supabase/phoenix/priv/static/phoenix.mjs:1441
[ 6342713ms] [ERROR] WebSocket connection to 'wss://example.supabase.co/realtime/v1/websocket?apikey=public-anon-key&vsn=2.0.0' failed: Error in connection establishment: net::ERR_NAME_NOT_RESOLVED @ webpack-internal:///(app-pages-browser)/./node_modules/@supabase/phoenix/priv/static/phoenix.mjs:1441
[ 6352876ms] [ERROR] WebSocket connection to 'wss://example.supabase.co/realtime/v1/websocket?apikey=public-anon-key&vsn=2.0.0' failed: Error in connection establishment: net::ERR_NAME_NOT_RESOLVED @ webpack-internal:///(app-pages-browser)/./node_modules/@supabase/phoenix/priv/static/phoenix.mjs:1441
[ 6363082ms] [ERROR] WebSocket connection to 'wss://example.supabase.co/realtime/v1/websocket?apikey=public-anon-key&vsn=2.0.0' failed: Error in connection establishment: net::ERR_NAME_NOT_RESOLVED @ webpack-internal:///(app-pages-browser)/./node_modules/@supabase/phoenix/priv/static/phoenix.mjs:1441
[ 6373382ms] [ERROR] WebSocket connection to 'wss://example.supabase.co/realtime/v1/websocket?apikey=public-anon-key&vsn=2.0.0' failed: Error in connection establishment: net::ERR_NAME_NOT_RESOLVED @ webpack-internal:///(app-pages-browser)/./node_modules/@supabase/phoenix/priv/static/phoenix.mjs:1441
[ 6383705ms] [ERROR] WebSocket connection to 'wss://example.supabase.co/realtime/v1/websocket?apikey=public-anon-key&vsn=2.0.0' failed: Error in connection establishment: net::ERR_NAME_NOT_RESOLVED @ webpack-internal:///(app-pages-browser)/./node_modules/@supabase/phoenix/priv/static/phoenix.mjs:1441
[ 6393822ms] [ERROR] WebSocket connection to 'wss://example.supabase.co/realtime/v1/websocket?apikey=public-anon-key&vsn=2.0.0' failed: Error in connection establishment: net::ERR_NAME_NOT_RESOLVED @ webpack-internal:///(app-pages-browser)/./node_modules/@supabase/phoenix/priv/static/phoenix.mjs:1441
[ 6404004ms] [ERROR] WebSocket connection to 'wss://example.supabase.co/realtime/v1/websocket?apikey=public-anon-key&vsn=2.0.0' failed: Error in connection establishment: net::ERR_NAME_NOT_RESOLVED @ webpack-internal:///(app-pages-browser)/./node_modules/@supabase/phoenix/priv/static/phoenix.mjs:1441
[ 6414110ms] [ERROR] WebSocket connection to 'wss://example.supabase.co/realtime/v1/websocket?apikey=public-anon-key&vsn=2.0.0' failed: Error in connection establishment: net::ERR_NAME_NOT_RESOLVED @ webpack-internal:///(app-pages-browser)/./node_modules/@supabase/phoenix/priv/static/phoenix.mjs:1441
[ 6424265ms] [ERROR] WebSocket connection to 'wss://example.supabase.co/realtime/v1/websocket?apikey=public-anon-key&vsn=2.0.0' failed: Error in connection establishment: net::ERR_NAME_NOT_RESOLVED @ webpack-internal:///(app-pages-browser)/./node_modules/@supabase/phoenix/priv/static/phoenix.mjs:1441
[ 6434421ms] [ERROR] WebSocket connection to 'wss://example.supabase.co/realtime/v1/websocket?apikey=public-anon-key&vsn=2.0.0' failed: Error in connection establishment: net::ERR_NAME_NOT_RESOLVED @ webpack-internal:///(app-pages-browser)/./node_modules/@supabase/phoenix/priv/static/phoenix.mjs:1441
[ 6444547ms] [ERROR] WebSocket connection to 'wss://example.supabase.co/realtime/v1/websocket?apikey=public-anon-key&vsn=2.0.0' failed: Error in connection establishment: net::ERR_NAME_NOT_RESOLVED @ webpack-internal:///(app-pages-browser)/./node_modules/@supabase/phoenix/priv/static/phoenix.mjs:1441
[ 6454732ms] [ERROR] WebSocket connection to 'wss://example.supabase.co/realtime/v1/websocket?apikey=public-anon-key&vsn=2.0.0' failed: Error in connection establishment: net::ERR_NAME_NOT_RESOLVED @ webpack-internal:///(app-pages-browser)/./node_modules/@supabase/phoenix/priv/static/phoenix.mjs:1441
[ 6464907ms] [ERROR] WebSocket connection to 'wss://example.supabase.co/realtime/v1/websocket?apikey=public-anon-key&vsn=2.0.0' failed: Error in connection establishment: net::ERR_NAME_NOT_RESOLVED @ webpack-internal:///(app-pages-browser)/./node_modules/@supabase/phoenix/priv/static/phoenix.mjs:1441
[ 6475028ms] [ERROR] WebSocket connection to 'wss://example.supabase.co/realtime/v1/websocket?apikey=public-anon-key&vsn=2.0.0' failed: Error in connection establishment: net::ERR_NAME_NOT_RESOLVED @ webpack-internal:///(app-pages-browser)/./node_modules/@supabase/phoenix/priv/static/phoenix.mjs:1441
[ 6485229ms] [ERROR] WebSocket connection to 'wss://example.supabase.co/realtime/v1/websocket?apikey=public-anon-key&vsn=2.0.0' failed: Error in connection establishment: net::ERR_NAME_NOT_RESOLVED @ webpack-internal:///(app-pages-browser)/./node_modules/@supabase/phoenix/priv/static/phoenix.mjs:1441
[ 6495555ms] [ERROR] WebSocket connection to 'wss://example.supabase.co/realtime/v1/websocket?apikey=public-anon-key&vsn=2.0.0' failed: Error in connection establishment: net::ERR_NAME_NOT_RESOLVED @ webpack-internal:///(app-pages-browser)/./node_modules/@supabase/phoenix/priv/static/phoenix.mjs:1441
[ 6505913ms] [ERROR] WebSocket connection to 'wss://example.supabase.co/realtime/v1/websocket?apikey=public-anon-key&vsn=2.0.0' failed: Error in connection establishment: net::ERR_NAME_NOT_RESOLVED @ webpack-internal:///(app-pages-browser)/./node_modules/@supabase/phoenix/priv/static/phoenix.mjs:1441
[ 6516022ms] [ERROR] WebSocket connection to 'wss://example.supabase.co/realtime/v1/websocket?apikey=public-anon-key&vsn=2.0.0' failed: Error in connection establishment: net::ERR_NAME_NOT_RESOLVED @ webpack-internal:///(app-pages-browser)/./node_modules/@supabase/phoenix/priv/static/phoenix.mjs:1441
[ 6526200ms] [ERROR] WebSocket connection to 'wss://example.supabase.co/realtime/v1/websocket?apikey=public-anon-key&vsn=2.0.0' failed: Error in connection establishment: net::ERR_NAME_NOT_RESOLVED @ webpack-internal:///(app-pages-browser)/./node_modules/@supabase/phoenix/priv/static/phoenix.mjs:1441
[ 6536329ms] [ERROR] WebSocket connection to 'wss://example.supabase.co/realtime/v1/websocket?apikey=public-anon-key&vsn=2.0.0' failed: Error in connection establishment: net::ERR_NAME_NOT_RESOLVED @ webpack-internal:///(app-pages-browser)/./node_modules/@supabase/phoenix/priv/static/phoenix.mjs:1441
[ 6546447ms] [ERROR] WebSocket connection to 'wss://example.supabase.co/realtime/v1/websocket?apikey=public-anon-key&vsn=2.0.0' failed: Error in connection establishment: net::ERR_NAME_NOT_RESOLVED @ webpack-internal:///(app-pages-browser)/./node_modules/@supabase/phoenix/priv/static/phoenix.mjs:1441
[ 6556621ms] [ERROR] WebSocket connection to 'wss://example.supabase.co/realtime/v1/websocket?apikey=public-anon-key&vsn=2.0.0' failed: Error in connection establishment: net::ERR_NAME_NOT_RESOLVED @ webpack-internal:///(app-pages-browser)/./node_modules/@supabase/phoenix/priv/static/phoenix.mjs:1441
[ 6566732ms] [ERROR] WebSocket connection to 'wss://example.supabase.co/realtime/v1/websocket?apikey=public-anon-key&vsn=2.0.0' failed: Error in connection establishment: net::ERR_NAME_NOT_RESOLVED @ webpack-internal:///(app-pages-browser)/./node_modules/@supabase/phoenix/priv/static/phoenix.mjs:1441
[ 6576915ms] [ERROR] WebSocket connection to 'wss://example.supabase.co/realtime/v1/websocket?apikey=public-anon-key&vsn=2.0.0' failed: Error in connection establishment: net::ERR_NAME_NOT_RESOLVED @ webpack-internal:///(app-pages-browser)/./node_modules/@supabase/phoenix/priv/static/phoenix.mjs:1441
[ 6587177ms] [ERROR] WebSocket connection to 'wss://example.supabase.co/realtime/v1/websocket?apikey=public-anon-key&vsn=2.0.0' failed: Error in connection establishment: net::ERR_NAME_NOT_RESOLVED @ webpack-internal:///(app-pages-browser)/./node_modules/@supabase/phoenix/priv/static/phoenix.mjs:1441
[ 6597249ms] [ERROR] WebSocket connection to 'wss://example.supabase.co/realtime/v1/websocket?apikey=public-anon-key&vsn=2.0.0' failed: Error in connection establishment: net::ERR_NAME_NOT_RESOLVED @ webpack-internal:///(app-pages-browser)/./node_modules/@supabase/phoenix/priv/static/phoenix.mjs:1441
[ 6607444ms] [ERROR] WebSocket connection to 'wss://example.supabase.co/realtime/v1/websocket?apikey=public-anon-key&vsn=2.0.0' failed: Error in connection establishment: net::ERR_NAME_NOT_RESOLVED @ webpack-internal:///(app-pages-browser)/./node_modules/@supabase/phoenix/priv/static/phoenix.mjs:1441
[ 6617763ms] [ERROR] WebSocket connection to 'wss://example.supabase.co/realtime/v1/websocket?apikey=public-anon-key&vsn=2.0.0' failed: Error in connection establishment: net::ERR_NAME_NOT_RESOLVED @ webpack-internal:///(app-pages-browser)/./node_modules/@supabase/phoenix/priv/static/phoenix.mjs:1441
[ 6627914ms] [ERROR] WebSocket connection to 'wss://example.supabase.co/realtime/v1/websocket?apikey=public-anon-key&vsn=2.0.0' failed: Error in connection establishment: net::ERR_NAME_NOT_RESOLVED @ webpack-internal:///(app-pages-browser)/./node_modules/@supabase/phoenix/priv/static/phoenix.mjs:1441
[ 6638095ms] [ERROR] WebSocket connection to 'wss://example.supabase.co/realtime/v1/websocket?apikey=public-anon-key&vsn=2.0.0' failed: Error in connection establishment: net::ERR_NAME_NOT_RESOLVED @ webpack-internal:///(app-pages-browser)/./node_modules/@supabase/phoenix/priv/static/phoenix.mjs:1441
[ 6648250ms] [ERROR] WebSocket connection to 'wss://example.supabase.co/realtime/v1/websocket?apikey=public-anon-key&vsn=2.0.0' failed: Error in connection establishment: net::ERR_NAME_NOT_RESOLVED @ webpack-internal:///(app-pages-browser)/./node_modules/@supabase/phoenix/priv/static/phoenix.mjs:1441
[ 6658430ms] [ERROR] WebSocket connection to 'wss://example.supabase.co/realtime/v1/websocket?apikey=public-anon-key&vsn=2.0.0' failed: Error in connection establishment: net::ERR_NAME_NOT_RESOLVED @ webpack-internal:///(app-pages-browser)/./node_modules/@supabase/phoenix/priv/static/phoenix.mjs:1441
[ 6669163ms] [ERROR] WebSocket connection to 'wss://example.supabase.co/realtime/v1/websocket?apikey=public-anon-key&vsn=2.0.0' failed: Error in connection establishment: net::ERR_NAME_NOT_RESOLVED @ webpack-internal:///(app-pages-browser)/./node_modules/@supabase/phoenix/priv/static/phoenix.mjs:1441
[ 6679266ms] [ERROR] WebSocket connection to 'wss://example.supabase.co/realtime/v1/websocket?apikey=public-anon-key&vsn=2.0.0' failed: Error in connection establishment: net::ERR_NAME_NOT_RESOLVED @ webpack-internal:///(app-pages-browser)/./node_modules/@supabase/phoenix/priv/static/phoenix.mjs:1441
[ 6689434ms] [ERROR] WebSocket connection to 'wss://example.supabase.co/realtime/v1/websocket?apikey=public-anon-key&vsn=2.0.0' failed: Error in connection establishment: net::ERR_NAME_NOT_RESOLVED @ webpack-internal:///(app-pages-browser)/./node_modules/@supabase/phoenix/priv/static/phoenix.mjs:1441
